subtitle,date_zh,box,folder,ref
Owner: 張炳財 [ZHANG Bingcai] -- Place: 福建省連城縣 [Fujian Sheng Liancheng Xian] -- Personal,明萬曆12年 [1584],box 1,folder 1,aspace_ref156_iyq
Seller: 范南山 [FAN Nanshan] -- Personal,清順治16年 [1659],box 1,folder 2,aspace_ref149_kxb
Seller: 徐正耀 [XU Zhengyao] -- Place: unknown -- Government,清康熙17年 [1678],box 1,folder 3,aspace_ref150_7gp
Owner: 黃毓扆 [HUANG Yuyi] -- Place: 福建省閩清縣 [Fujian Sheng Minqing Xian] -- Government,"清乾隆25年, 清乾隆32年 [1760, 1767]",box 1,folder 4,aspace_ref18_ukk
Seller: 許瓊栢 [XU Qiongbai] -- Buyer: 吳省忠 [WU Shengzhong] -- Place: 福建省永定縣 [Fujian Sheng Yongding Xian] -- Government,"清乾隆26年, 清乾隆27年 [1761, 1762]",box 1,folder 5,aspace_ref17_k6v
Seller: 徐幹通 [XU Gantong] -- Buyer: 熊孫? [XIONG Sun?] -- Place: 福建省南平縣 [Fujian Sheng Nanping Xian] -- Government,清乾隆32年 [1767],box 1,folder 6,aspace_ref187_73z
Seller: 李有定 [LI Youding] -- Buyer: 謝氏 [XIE] -- Place: 福建省閩清縣 [Fujian Sheng Minqing Xian] -- Government,清乾隆44年 [1779],box 1,folder 7,aspace_ref188_hns
Owner: 黃鴻吉 [HUANG Hongji] --Seller: 熊長生 [XIONG Changsheng] -- Buyer: 熊亨讀 [XIONG Hengdu] -- Place: 福建省古田縣 [Fujian Sheng Gutian Xian] -- Government,"清乾隆49年, 清道光10年 [1784, 1830]",box 1,folder 8,aspace_ref183_lc1
Seller: 應梓龍 [YING Zilong] -- Buyer: 劉繼伍 [LIU Jiwu] -- Place: 福建省建陽縣 [Fujian Sheng Jianyang Xian] -- Government,清乾隆47年 [1782],box 1,folder 9,aspace_ref31_odc
Seller: 可翅 [KE Chi] -- Place: unknown --Personal,清乾隆47年 [1782],box 1,folder 10,aspace_ref162_49r
Seller: 劉盛章 [LIU Shengzhang] --Buyer: 劉咸安 [LIU Xian'an] and 劉道建 [LIU Daojian] -- Place: 福建省建陽縣 [Fujian Sheng Jianyang Xian] -- Government,清嘉慶3年 [1798],box 1,folder 11,aspace_ref29_9q4
"Seller: 邱有本 [QIU Youben], 邱有炳 [QIU Youbing] and 邱傳學 [QIU Chuanxue] -- Place: 福建省閩清縣 [Fujian Sheng Minqing Xian] -- Personal",清嘉慶7年 [1802],box 1,folder 12,aspace_ref94_ybl
Owner: 劉咸安 [LIU Xian'an] -- Place: 福建省建陽縣 [Fujian Sheng Jianyang Xian] -- Government,清嘉慶10年 [1805],box 1,folder 13,aspace_ref30_233
Seller: 趙守藻 [ZHAO Shouzao] -- Buyer: 林 [LIN] -- Place: 福建省侯官縣 [Fujian Sheng Houguan Xian] -- Government,清嘉慶10年 [1805],box 1,folder 14,aspace_ref48_mwo
Seller: 黃隆貫 [HUANG Longguan] -- Buyer: 陳國遠代陳國龍 [CHEN Huoyuan represents CHEN Guolong] -- Personal,"清嘉慶10年, 清嘉慶12年, 清嘉慶13年 [1805, 1807, 1808]",box 1,folder 15,aspace_ref112_25l
Owner: 吳秉鑒 [WU Bingjian] -- Seller: 吳秉鑒 [WU Bingjian] -- Buyer: 謝先經 [XIE Xianjing] -- Place: 福建省閩縣 [Fujian Sheng Min Xian] -- Government,"清嘉慶10年, 清嘉慶21年 [1805, 1816]",box 1,folder 16,aspace_ref21_7p8
Owner: 羅? [LUO ?] -- Place: 安徽省歙縣 [Anhui Sheng She Xian] -- Government,清嘉慶12年 [1807],box 1,folder 17,aspace_ref191_boj
Seller: 劉欽達(違) [LIU Qinda(wei)] -- Buyer: 劉王建 [LIU Wangjian] -- Place: 福建省建陽縣 [Fujian Sheng Jianyang Xian] --Government,清嘉慶18年 [1813],box 1,folder 18,aspace_ref125_yfd
Seller: 趙守藻 [ZHAO Shouzao] -- Buyer: 林有柱 [LIN Youzhu] -- Place: 福建省侯官縣 [Fujian Sheng Houguan Xian] -- Government,清嘉慶22年 [1817],box 1,folder 19,aspace_ref49_rsb
Seller: 王志撥？ [WANG Zhibo] -- Buyer: 陳 [CHEN] -- Personal,清道光2年 [1822],box 1,folder 20,aspace_ref146_pdv
Seller: 陳國遠（立票人） [CHENG Guoyuan] -- Buyer: 葉宜全（保票人） [YE Yiquan] -- Personal,清道光2年 [1829],box 1,folder 21,aspace_ref100_204
Seller: 陳國遠（立票人） [CHENG Guoyuan] -- Buyer: 葉宜全（保票人） [YE Yiquan] -- Personal,清道光9年 [1829],box 1,folder 22,aspace_ref99_unk
Seller: 黃隆貫 [HUANG Longguan] -- Buyer: 陳國遠 [CHEN Guoyuan] -- Place:unknown -- Personal,清道光9年 [1829],box 1,folder 23,aspace_ref223_sq6
Seller: 葉國佑 [YE Guoyou] -- Buyer: 紳 [SHEN] -- Place: 福建省古田縣 [Fujian Sheng Gutian Xian] -- Government,清道光19年 [1839],box 1,folder 25,aspace_ref93_itl
Owner: 林氏 [LIN Shi] -- Personal,清道光27？年 [1840],box 1,folder 26,aspace_4a16ab598a5d5e7ceee58ae6bda18cb2
Owner: 陳行典 [CHENG Xingdian] -- Place: 福建省閩清縣 [Fujian Sheng Minqing Xian] -- Personal,清道光20年 [1840],box 1,folder 27,aspace_ref80_rxw
Seller: 劉孝良 [LIU Xiaoliang] -- Buyer: 林高滿 [LIN Gaoman] -- Place: 福建省閩清縣 [Fujian Sheng Minqing Xian] -- Government,"清道光20年, 民國26年 [1840, 1937]",box 1,folder 28,aspace_ref97_vey
Seller: 林忠 [LIN Zhong] and 林榮[LIN Rong]-- Buyer: 賴榮松 [LAI Rongsong] -- Place: Unknown -- Personal,清道光21年 [1841],box 1,folder 29,aspace_ref85_oq3
Seller: 黃維裕 [HUANG Weiyu] and 黃維岑[HUANG Weicen] -- Personal,清道光22年 [1842],box 1,folder 30,aspace_ref76_bry
Seller: 林厚成 [LIN Houcheng] and 林厚祿 [Lin Houlu] and 林厚祥 [Lin Houxiang] -- Buyer: 葉成 [YE Cheng] -- Place: 福建省侯官縣 [Fujian Sheng Houguan Xian] -- Personal,"清道光24年, 清道光25年 [1844, 1845]",box 1,folder 31,aspace_ref77_0nc
Owner: 林元鼎 [LIN Yuanding] -- Place: 福建省古田縣 [Fujian Sheng Gutian Xian] -- Government,清道光29年 [1849],box 1,folder 32,aspace_ref192_bpr
Seller: 林世奕 [LIN Shiyi] -- Buyer: 林 [LIN] -- Place: 福建省侯官縣 [Fujian Sheng Houguan Xian] -- Personal,清道光30年 [1850],box 1,folder 33,aspace_ref50_093
Seller: 游振梅 [pin yin] -- Buyer: 楊坤貞 [pin yin] -- Place: 福建省閩縣 [Fujian Sheng Min Xian] -- Personal,"道光30年, 同治9年, ，民国12年 [1850, 1870, 1923]",box 1,folder 33A,aspace_ref241_jyh
Owner: 葉成 [YE Cheng] --Seller: 林厚成 [LIN Houcheng] -- Buyer: 葉成 [YE Cheng] -- Place: 福建省閩侯縣和侯官縣[Fujian Sheng Minhou Xian and Houguan Xian] -- Government,"清咸豐4年, 民國2年[1854, 1913]",box 1,folder 34,aspace_ref158_l5c
Seller: 陳士曾 [CHEN Shizeng] -- Place: unknown -- Government,清咸豐8年 [1858],box 1,folder 35,aspace_ref166_uu9
Seller: 张华富 [ZHANG Huafu] -- Personal,清同治元年 [1862],box 1,folder 36,aspace_ref9_6r9
Seller: 楊兆通 [YANG Zhaotong] -- Buyer: 林 [LIN] -- Personal,清同治元年 [1862],box 1,folder 37,aspace_ref36_lap
Seller: 黃志林 [HUANG Zhilin] -- Buyer: 劉子珜 [LIU Ziyang] -- Personal,清同治2年 [1863],box 1,folder 38,aspace_ref122_1o1
Owner: 張利禧 [ZHANG Lixi] --Seller: 鄭嬌姑 [ZHENG Jiaogu] -- Buyer: 鄭淳氏 [ZHENGchunshi] -- Place: 福建省古田縣 [Fujian Sheng Gutian Xian] -- Government,"清同治3年, 清同治11年 [1864, 1872]",box 1,folder 39,aspace_ref186_lsg
Seller: 吳開揚 [WU Kaiyang] -- Buyer: 陳世旺 [CHEN Shiwang] -- Place: 福建省閩縣 [Fujian Sheng Min Xian] -- Government,同治3年 [1864],box 1,folder 39A,aspace_ref242_aaa
Seller: 德詮（僧人） [Dequan] -- Place: 福建省侯官縣 [Fujian Sheng Houguan Xian] -- Government,清同治4年 [1866],box 1,folder 40,aspace_ref65_2ll
Seller: 林春源 [LIN Chunyuan] -- Place: 福建省閩邑 [Fujian Sheng Min Yi] -- Personal,清同治5年 [1866],box 1,folder 41,aspace_ref8_ey2
Seller: 楊鵬超（出租） [YANG Pengchao] -- Buyer: 林 [LIN] -- Place: 福建省侯官縣 [Fujian Sheng Houguan Xian] -- Government,"清同治5年, 清同治10年 [1866, 1871]",box 1,folder 42,aspace_ref47_25n
Owner: 劉景茂 [LIU Jingmao] -- Place: 福建省建陽縣 [Fujian Sheng Jianyang Xian] -- Government,清同治6年 [1867],box 1,folder 43,aspace_ref207_vg8
Seller: 林邦端 [LIN Bangduan] -- Buyer: 程利欲 [Cheng Liyu] and 程利霖[Cheng Lilin] -- Place: 福建省閩侯縣 [Fujian Sheng Minhou Xian] -- Government,"清同治7年, 清同治12年, 民國5年 [1868, 1873, 1916]",box 1,folder 44,aspace_ref87_d8m
Seller: 黃奶壽 [HUANG Naishou] -- Personal,清同治8年 [1869],box 1,folder 45,aspace_ref151_2yf
Seller: ?輝煌 [? Huihuang] -- Buyer: 蘇坐標 [SU Zuobiao] -- Place: 福建省屏南縣 [Fujian Sheng Pingnan Xian] -- Government,清同治8年 [1869],box 1,folder 46,aspace_ref190_dz8
Owner: 阮承苑 [RUAN Chengyuan] --Seller: 黃象智 [HUANG Xiangzhi] and 劉貞文[LIU Zhenwen] -- Buyer: 劉貞文 [ LIU Zhenwen] and 陸元盛 [LU Yuansheng]-- Place: 福建省古田縣 [Fujian Sheng Gutian Xian] -- Government,"清同治8年, 清光緒18年, 清光緒25年 [1869, 1892, 1899]",box 1,folder 47,aspace_ref182_8mv
Owner: 王元靄 [WANG Yuanai] --Seller: 林春源 [LIN Chunyuan] -- Buyer: 王元靄 [WANG Yuanai] -- Place: 福建省閩侯縣 [Fujian Sheng Minhou Xian] -- Government,"清同治8年, 民國2年, 民國17年 [1869, 1913, 1928]",box 1,folder 48,aspace_ref208_lwk
Owner: 張蘭芬 [ZHANG Lanfen] --Seller: 張昌暢 [ZHANG Changchang] -- Buyer: （張）邦昔 [(ZHANG) Bangxi] -- Place: 福建省屏南縣和古田縣 [Fujian Sheng Pingnan Xian and Gutian Xian] -- Government,"清同治9年, 清光緒33年 [1870, 1907]",box 1,folder 49,aspace_ref184_6xp
Seller: 方元慈 [FANG Yuanci] -- Buyer: 方潮濤 [FANG Chaotao] -- Place: 福建省閩侯縣 [Fujian Sheng Minhou Xian] -- Government,"清同治10年, 民國2年 [1871, 1913]",box 1,folder 50,aspace_ref22_j49
Owner: 義容 [Yirong] -- Place: unknown -- Personal,清道光17年 [1837],box 1,folder 24-1,aspace_ref175_f9b
Owner: 義容 [Yirong] -- Place: unknown -- Personal,清道光17年 [1837],box 1,folder 24-2,aspace_ref174_95c
Owner: 義容 [Yirong] -- Place: unknown -- Personal,清道光17年 [1837],box 1,folder 24-3,aspace_ref173_j6h
Owner: 義容 [Yirong] -- Place: unknown -- Personal,清道光17年 [1837],box 1,folder 24-4,aspace_ref176_x32
Owner: 義容 [Yirong] -- Place: unknown -- Personal,清道光17年 [1837],box 1,folder 24-5,aspace_ref177_hja
Owner: 義容 [Yirong] -- Place: unknown -- Personal,清道光17年 [1837],box 1,folder 24-6,aspace_ref178_ap5
Owner: 義容 [Yirong] -- Place: unknown -- Personal,清道光17年 [1837],box 1,folder 24-7,aspace_ref179_5ai
Seller: 程姑仔 [CHENG Guzai] -- Buyer: 金寶 [JIN Bao] -- Personal,清同治9年 [1870],box 2,folder 51,aspace_ref70_5oy
Seller: 陳裔煌 [CHEN Yihuang] -- Buyer: 鄭璟 [ZHENG Jing] -- Place: 福建省古田縣 [Fujian Sheng Gutian Xian] -- Government,同治11年 [1872],box 2,folder 52,aspace_ref189_5p1
Seller: 吳開成 [WU Kaicheng] -- Buyer: 陳 [CHEN] -- Place: 福建省閩縣 [Fujian Sheng Min Xian] -- Government,清同治12年 [1873],box 2,folder 53,aspace_ref82_1f4
Seller: 林應香 [LIN Yingxiang] -- Buyer: 林萬開 [LIN Wankai] -- Place: 福建省閩侯縣 [Fujian Sheng Minhou Xian] -- Government,清光緒元年 [1875],box 2,folder 54,aspace_ref42_x7o
Seller: 祿中 [Luzhong] -- Place: 福建省永安縣 [Fujian Sheng Yongan Xian] -- Government,清光緒2年 [1876],box 2,folder 55,aspace_ref16_vpo
Seller: 康宗瑞 [KANG Zongrui] -- Buyer: 陳連孫 [CHEN Liansun] -- Personal,清光緒5年 [1879],box 2,folder 56,aspace_ref106_o0m
Seller: 林春發 [LIN Chunfa] -- Buyer: 林萬開 [LIN Wankai] -- Place: 福建省閩侯縣 [Fujian Sheng Minhou Xian] -- Government,清光緒7年 [1881],box 2,folder 57,aspace_ref44_duq
Seller: 林秋溥 [LIN Qiupu] -- Buyer: 林萬開 [LIN Wankai] -- Place: 福建省侯官縣 [Fujian Sheng Houguan Xian] -- Government,清光緒10年 [1884],box 2,folder 58,aspace_ref39_b1e
Seller: 林萬利 [LIN Wanli] -- Buyer: 官方政府 [Goverment] -- Place: 福建省侯官縣 [Fujian Sheng Houguan Xian] -- Government,清光緒10年 [1884],box 2,folder 59,aspace_ref40_84u
Owner: 高恭地[GAO Gongdi] -- Place: 福建省福清縣[Fujian Sheng Fuqing Xian] -- Goverment,清光緒12年 [1886],box 2,folder 60,aspace_ref5_ys5
Owner: 林萬利 [LIN Wanli] -- Place: 福建省侯官縣 [Fujian Sheng Houguan Xian] -- Government,清光緒12年 [1886],box 2,folder 61,aspace_ref66_j4w
Seller: 王師禮 [WANG Shili] -- Buyer: 許大華 [XU Dahua] -- Place: 福建省閩侯縣 [Fujian Sheng Minhou Xian] -- Government,"清光緒12年, 民國2年 [1886, 1913]",box 2,folder 62,aspace_ref160_wka
Seller: 王錦發 [WANG Jinfa] -- Buyer: 王錦枝 [WANG Jinzhi] -- Place: 福建省閩縣 [Fujian Sheng Min Xian ] -- Personal,清光緒13年 [1887],box 2,folder 63,aspace_ref11_du6
Seller: 陳必清 [CHEN Biqing] -- Buyer: 陳必泉 [CHEN Biquan] -- Place: 福建省閩縣 [Fujian Sheng Min Xian] -- Government,清光緒13年 [1887],box 2,folder 64,aspace_ref167_d5t
Place: unknown -- Personal,清光緒13年 [1887],box 2,folder 65,aspace_ref220_2ob
Seller: 陸元規 [LU Yuangui] -- Buyer: 陸元賜 [LU Yuanci] -- Place: 福建省古田縣 [Fujian Sheng Gutian Xian] -- Government,"清光緒14年, 民國2年 [1888, 1913]",box 2,folder 66,aspace_ref78_v41
Seller: 林萬開 [LIN Wankai] -- Buyer: 林秋溥 [LIN Qiupu] -- Place: 福建省侯官縣 [Fujian Sheng Houguan Xian] -- Government,清光緒13年 [1888],box 2,folder 67,aspace_ref51_p3p
Seller: 陳必清 [CHEN Biqing] -- Buyer: 陳必泉 [CHEN Biquan] -- Place: 福建省閩縣 [Fujian Sheng Min Xian] -- Government,清光緒14年 [1888],box 2,folder 68,aspace_ref81_uyd
Seller: 陳必清 [CHEN Biqing] -- Buyer: 陳必泉 [CHEN Biquan] -- Place: 福建省閩縣 [Fujian Sheng Min Xian] -- Government,清光緒14年 [1888],box 2,folder 69,aspace_ref168_yme
Seller:高金亮 [GAO Jinliang] --Buyer: 林 [LIN] -- Place: 福建省閩縣 [Fujian Sheng Min Xian] -- Personal,"光绪15年, 光绪16年 [1889, 1890]",box 2,folder 70A,aspace_ref245_fga
Seller: 黃振發 [HUANG Zhenfa] -- Buyer: 高 [GAO] -- Place: 福建省閩邑 [Fujian Sheng Min Xian] -- Personal,清光緒15年 [1889],box 2,folder 70,aspace_ref140_w0n
Seller: 張銓銓 [ZHANG Quanquan] -- Buyer: 鄒道明 [ZOU Daoming] -- Place: 福建省閩縣 [Fujian Sheng Min Xian] -- Personal,"光绪15年, 光绪23年 [1889, 1897]",box 2,folder 70B,aspace_ref246_zdn
Seller: 吳開成 [WU Kaicheng] -- Buyer: 陳氏 [Chenshi] -- Place: 福建省閩邑（縣） [Fujian Sheng Min Xian] -- Government,清同治9年 [1890],box 2,folder 71,aspace_ref12_ez3
Seller: 藍炳孫 [LAN Bingsun] -- Buyer: 程長孫 [CHENG Changsun] -- Personal,清光緒16年 [1890],box 2,folder 72,aspace_ref69_1h0
"Owner: 陳雅 [CHEN Ya], 陳道書 [CHEN Daoshu], 陳建璽 [CHEN Jianxi] and 陳成嘉[CHEN Chengjia]-- Place: 福建省閩縣 [Fujian Sheng Min Xian] -- Government","清光緒16年, 清光緒18年 [1890, 1892]",box 2,folder 73,aspace_ref216_9nk
Owner: 林萬開 [LIN Wankai] -- Personal,清光緒17年 [1891],box 2,folder 74,aspace_ref28_eik
Owner: 陳亮 [CHEN Liang] and 李清 [LI Qing] -- Place: 福建省 [Fujian Sheng] -- Government,"清光緒18年, 清光緒19年, 清光緒20年 [1892, 1893, 1894]",box 2,folder 75,aspace_ref159_f8v
Seller: 王兆熙（出租） [WANG Zhaoxi] -- Buyer: 林 [LIN] -- Place: 福建省閩侯縣 [Fujian Sheng Minhou Xian] -- Government,清光緒19年 [1893],box 2,folder 76,aspace_ref43_0yl
Seller: 王兆熙 [WANG Zhaoxi] -- Buyer: 林 [LIN] -- Place: 福建省閩侯縣 [Fujian Sheng Minhou Xian] -- Government,清光緒20年 [1894],box 2,folder 77,aspace_ref46_127
Seller: 王兆熙 [WANG Zhaoxi] -- Buyer: 林 [LIN] -- Place: 福建省閩侯縣 [Fujian Sheng Minhou Xian] -- Government,清光緒20年 [1894],box 2,folder 78,aspace_ref45_lpl
Owner: 鄭其英 [ZHENG Qiying] and 沈齊 [SHEN Qi] -- Place: 福建省永安县和永福县 [Fujian Sheng Yongan Xian and Yongfu Xian] -- Government,"清光緒21年, 清光緒26年 [1895, 1900]",box 2,folder 79,aspace_ref218_4nr
Seller: 蘇章林 [SU Zhanglin] -- Buyer: 劉仕懋 [LIU Shimao] -- Personal,清光緒24年 [1898],box 2,folder 80,aspace_ref26_kmz
Seller: 張寶詨 [ZHANG Baoxiao] -- Buyer: 程長孫 [CHENG Changsun] -- Personal,清光緒25年 [1890],box 2,folder 81,aspace_ref68_iuf
Seller: 鄒允春 [ZOU Yunchun] -- Buyer: 和意軒老人會 [Heyixuan Laorenhui] -- Place: 福建省閩邑（縣） [Fujian Sheng Min Xian ] -- Government,清光緒26年 [1900],box 2,folder 82,aspace_ref13_dla
Seller: 鄒允春 [ZOU Yunchun] -- Buyer: 秋意軒老人會 [Qiuyixuan Laoren Hui] -- Place: N/A -- Personal,光绪26年 [1900],box 2,folder 83A,aspace_ref247_wzi
Owner: 沈齊 [SHEN Qi] -- Place: 福建省永安縣 [Fujian Sheng Yongan Xian] -- Government,清光緒26年 [1900],box 2,folder 83,aspace_ref115_tsx
Seller: 林與清 [LIN Yuqing] -- Place: unknown --Personal,清光緒29年 [1903],box 2,folder 84,aspace_ref163_f4l
Owner: 金寬英 [JIN Kuanying] -- Seller: 張文楚 [ZHANG Wenchu] -- Buyer: 金寬英 [JIN Kuanying] -- Place: 福建省永泰縣 [Fujian Sheng Yongtai Xian] -- Government,"清光緒29年, 民囯32年 [1903, 1943]",box 2,folder 85,aspace_ref206_9q0
Owner: 黃財業 [HUANG Caiye] -- Seller: 許春願 [XU Chunyuan] -- Buyer: 黃財業 [HUANG Caiye] -- Place: 福建省閩縣 [Fujian Sheng Min Xian] -- Government,"清光緒30年, 民國32年 [1904, 1943]",box 2,folder 86,aspace_ref204_grw
Seller: 林為良 [LIN Weiliang] -- Buyer: 林可瓊 [LIN Keqiong] -- Place: 福建省閩侯縣 [Fujian Sheng Minhou Xian] -- Government,清光緒32年 [1906],box 2,folder 87,aspace_ref34_8bn
Seller: 郭成亮 [GUO Chengliang] -- Buyer: 王駿發 [WANG Junfa] -- Place: 福建省閩侯縣 [Fujian Sheng Minhou Xian] -- Personal,"光绪32年, 民国3年, 民国十八年, 1955 [1906, 1914, 1929, 1955]",box 2,folder 88A,aspace_ref248_v2d
Seller: 郭宗仲 [GUO Zongzhong] -- Buyer: 王齊發 [WANG Qifa] -- Place: 福建閩侯縣 [Fujian Sheng Minhou Xian] -- Personal,"光绪32年, 民国10年 [1906, 1921]",box 2,folder 88B,aspace_ref249_67g
Seller: 郭宗仲 [GUO Zongzhong] -- Buyer: 王齊發 [WANG Qifa] -- Personal,清光緒32年 [1906],box 2,folder 88,aspace_ref200_mfq
Seller: 何金盛 [HE Jinsheng] -- Buyer: 何振華 [HE Zhenhua] -- Place: 福建省建陽縣 [Fujian Sheng Jianyang Xian] -- Government,清宣統元年 [1909],box 2,folder 89,aspace_ref142_wy4
Seller: 熾原 [Chiyuan] -- Buyer: 尚堃 [Shangkun] -- Place: unknown -- Government,清宣統元年 [1909],box 2,folder 90,aspace_ref161_x9u
Seller: 開保 [Kaibao] -- Government,清宣統2年 [1910],box 2,folder 91,aspace_ref32_aw3
Seller: 劉嘉命 [LIU Jiaming] -- Buyer: 劉源森 [LIU Yuansen] -- Place: 福建省建陽縣 [Fujian Sheng Jianyang Xian] -- Government,清宣統2年 [1910],box 2,folder 92,aspace_d1441ac48f4b1e31876a0f3ab4826831
Seller: 方兆揚 [FANG Zhaoyang] -- Buyer: 方亨猷 [FANG Hengyou] -- Place: 福建閩侯縣 [Fujian Sheng Minhou Xian] -- Personal,"清宣统2年, 民国4年 [1910, 1915]",box 2,folder 93A,aspace_ref250_qfm
Seller: 王昌年 [WANG Changnian] -- Buyer: 李學堃 [LI Xuekun] -- Place: 福建省閩侯縣 [Fujian Sheng Minhou Xian] -- Government,"清宣統2年, 民國4年 [1910, 1915]",box 2,folder 93,aspace_ref136_3h9
Seller: 林可瓊 [LIN Keqiong] -- Buyer: 劉興國 [LIU Xingguo] -- Place: 福建省閩侯縣 [Fujian Sheng Minhou Xian] -- Government,民國2年 [1913],box 2,folder 94,aspace_ref37_4mx
Seller: 王聯鄧 [WANG Liandeng] -- Buyer: 林萬開 [LIN Wankai] -- Place: 福建省閩侯縣 [Fujian Sheng Minhou Xian] -- Government,民國2年 [1913],box 2,folder 95,aspace_ref38_b5t
Owner: 林有柱 [LIN youzhu] -- Buyer: 趙守藻 [ZHAO Shouzao] -- Place: 福建省侯官縣 [Fujian Sheng Houguan Xian] -- Government,民國2年 [1913],box 2,folder 96,aspace_ref52_5iv
Seller: 林應香 [LIN Yingxiang] -- Buyer: 林萬開 [LIN Wankai] -- Place: 福建省閩侯縣 [Fujian Sheng Minhou Xian] -- Government,民國2年 [1913],box 2,folder 97,aspace_ref33_efn
Seller: 余德光 [YU Deguang] -- Buyer: 林聖魁 [LIN Shengkui] -- Place: 福建省閩清縣 [Fujian Sheng Minqing Xian] -- Government,民國2年 [1913],box 2,folder 98,aspace_ref95_n22
Owner: 陳必泉 [CHEN Biquan] -- Place: 福建省閩侯縣 [Fujian Sheng Minhou Xian] -- Government,民國2年 [1913],box 2,folder 99,aspace_ref169_dnq
Owner: 張傳珍 [ZHANG Chuanzhen] -- Place: 福建省屏南縣 [Fujian Sheng Pingnan Xian] -- Government,民國2年 [1913],box 2,folder 100,aspace_ref199_qph
Owner: 陳琮細 [CHEN Congxi] -- Place: 福建省永泰縣 [Fujian Sheng Yongtai Xian] -- Government,"民国2年, 民国十七年 [1913, 1928]",box 2,folder 100A,aspace_ref251_4dc
Seller: 林宜新 [LIN Yixin] -- Buyer: 林久樹 [LIN Jiushu] -- Place: 福建省閩侯縣 [Fujian Sheng Minhou Xian] -- Government,民國4年 [1915],box 2,folder 101,aspace_ref67_7sa
Owner: 陳朝朋 [CHEN Chaopeng] -- Place: 福建省連江縣 [Fujian Sheng lianjiang Xian] -- Government,民國4年 [1915],box 2,folder 102,aspace_ref79_req
Owner: 雷汝知 [LEI Ruzhi] -- Place: 福建省古田縣 [Fujian Sheng Gutian Xian] -- Government,民國4年 [1915],box 2,folder 103,aspace_ref195_2pr
Seller: 長忠 [Changzhong] -- Place: 福建省閩清縣 [Fujian Sheng Minqing Xian] -- Government,洪憲元年 [1916],box 2,folder 104,aspace_ref154_zby
Seller: 維衜 [Weidao] -- Personal,民國丁巳6年 [1917],box 2,folder 105,aspace_ref20_66r
Seller: 陳燦祥 [CHEN Canxiang] -- Buyer: 吳右嚴？ [WU Youyan?] -- Place: 福建省閩邑 [Fujian Sheng Min Xian] -- Government,民國6年 [1917],box 2,folder 106,aspace_ref141_cvu
"Owner: 黃遠容 [HUANG Yuanrong], 黃同華 [HUANG,Tonghua], 黃同德 [HUANG Tongde], 黃國興[HUANG Guoxing] and 黃國義[HUANG Guoyi] -- Place: 福建省永泰縣 [Fujian Sheng Yongtai Xian] -- Government",民國6-15年 [1917-1926],box 2,folder 107,aspace_ref209_70k
Seller: 陳吳氏 [CHEN Wushi] -- Buyer: 吳右岩 [WU Youyan] -- Place: 福建省閩侯縣 [Fujian Sheng Minhou Xian] -- Personal,"民国7年, 民国12年, 民国21年 [1918, 1923, 1932]",box 2,folder 108A,aspace_ref252_vsx
Seller: 陳燦祥 [CHEN Canxiang] -- Buyer: 吳 [WU] -- Place: 福建省閩侯縣 [Fujian Sheng Minhou Xian ] -- Government,民國7年 [1918],box 2,folder 108,aspace_ref14_23y
Seller: 張氏 [ZHANG] -- Buyer: 林欽祥 [LIN Qinxiang] -- Place: 福建省閩侯縣 [Fujian Sheng Minhou Xian] -- Government,民國9年 [1920],box 2,folder 109,aspace_ref193_xda
Owner: 黃雲村? [HUANG Yuncun] and 黃汝勷 [HUANG Rurang] -- Place: 福建省永泰縣 [Fujian Sheng Yongtai Xian] -- Government,民國9-14年 [1920-1925],box 2,folder 110,aspace_ref214_ly8
Owner: 林仁典等 [LIN Rendian] etc. -- Place: 福建省永泰縣 [Fujian Sheng Yongtai Xian] -- Government,民國9-15年 [1920-1926],box 3,folder 111,aspace_ref212_vz0
Owner: 黃同華 [HUANG Tonghua] -- Place: 福建省永泰縣 [Fujian Sheng Yongtai Xian] -- Government,民國9-15年 [1920-1926],box 3,folder 112,aspace_ref213_fn1
Owner: 陳明 [CHEN Ming] -- Place: 福建省閩縣 [Fujian Sheng Min Xian] -- Government,民國9-21年 [1920-1932],box 3,folder 113,aspace_ref215_61n
Seller: 林祥德 [LIN Xiangde] -- Buyer: 張經炎 [ZHANG Jingyan] -- Place: 福建省閩侯縣 [Fujian Sheng Minhou Xian] -- Government,民國10年 [1921],box 3,folder 114,aspace_ref148_sc6
Owner: 謝祀初 [XIE Qichu] -- Place: 福建省古田縣 [Fujian Sheng Gutian Xian] -- Government,民國10年 [1921],box 3,folder 115,aspace_ref201_0ao
Seller: 姚望兌 [YAO Wangdui] and 姚望駀 [YAO Wangyou] -- Government,民國10年 [1921],box 3,folder 116,aspace_ref129_e2n
Owner: 黃汝勷 [HUANG Rurang] -- Place: 福建省永泰縣 [Fujian Sheng Yongtai Xian] -- Government,民國11年 [1922],box 3,folder 117,aspace_ref219_xw8
Seller: 聖余 [SHENG Yu] -- Buyer: 西房眾 [Xi Fang Zhong] -- Place: 福建省永泰縣 [Fujian Sheng Yongtai Xian] -- Personal,"民国12年, 民国19年 [1923, 1930]",box 3,folder 118A,aspace_ref253_fum
Owner: 黃乞容等 [HUANG Qirong] etc. -- Place: 福建省永泰縣 [Fujian Sheng Yongtai Xian] -- Government,民國12-19年 [1923-1930],box 3,folder 118,aspace_ref210_ljh
Seller: 王三妹 [WANG Sanmei] -- Buyer: 陳軍漢 [CHEN Junhan] -- Place: 福建省閩侯縣 [Fujian Sheng Minhou Xian] -- Government,民國13年 [1924],box 3,folder 119,aspace_ref15_e50
Seller: 王三妹 [WANG Sanmei] -- Buyer: 陳軍漢 [CHEN Junhan] -- Place: 福建聲閩侯縣 [Fujian Sheng Minhou Xian] -- Government,"民国13年, 民国17年 [1924, 1928]",box 3,folder 119A,aspace_ref254_8f9
"Seller: 林久興 [LIN Jiuxing], 林可鑒 [LIN Kejian] and 林久澍 [LIN Jiushu]-- Personal",民國13年 [1924],box 3,folder 120,aspace_ref41_r3l
Seller: 陳敬侯 [CHEN Jinghou] -- Buyer: 子秀 [ZI Xiu] -- Place: 福建省古田縣 [Fujian Sheng Gutian Xian] -- Government,民國13年 [1924],box 3,folder 121,aspace_ref172_dzf
Owner: 黃同德 [HUANG Tongde] -- Place: 福建省永泰縣 [Fujian Sheng Yongtai Xian] -- Government,"民國13, 15年 [1924, 1926]",box 3,folder 122,aspace_ref217_i22
Seller: 張銓銓 [ZHANG Quanquan] -- Buyer: 鄒道明 [ZOU Daoming] -- Place: 福建省閩侯縣 [Fujian Sheng Minhou Xian] -- Government,民國14年 [1925],box 3,folder 123,aspace_ref25_qa8
Seller: 林履同 [LIN Lutong] -- Buyer: 張炳源 [ZHANG Bingyuan] -- Place: 福建省古田縣 [Fujian Sheng Gutian Xian] -- Government,民國14年 [1925],box 3,folder 124,aspace_ref198_i5e
Seller: 金輯和 [JIN Jihe] -- Buyer: 金信江 [JIN Xinjiang] -- Place: 福建省永泰縣 [Fujian Sheng Yongtai Xian] -- Government,"民國14年, 民國32年 [1925, 1943]",box 3,folder 125,aspace_ref137_qon
Seller: 朝官 [Chaoguan] -- Buyer: 文鳳 [Wenfeng] -- Place: 福建省 [Fujian Sheng] -- Government,民國15年 [1926],box 3,folder 126,aspace_ref110_hi4
Owner: 黃同華 [HUANG Tonghua] -- Place: 福建省永泰縣 [Fujian Sheng Yongtai Xian] -- Government,民國15年 [1926],box 3,folder 127,aspace_ref116_aej
Owner: 黃國興等 [HUANG Guoxing] etc. -- Place: 福建省永泰縣 [Fujian Sheng Yongtai Xian] -- Government,民國15-16年 [1926-1927],box 3,folder 128,aspace_ref211_l1h
Owner: 賴國才 [LAI Guocai] -- Place: 福建省 [Fujian Sheng] -- Government,民國16年 [1927],box 3,folder 129,aspace_ref71_fde
Seller: 黃丁荃 [HUANG Dingquan] -- Buyer: 黃花?蘭(租客) [HUANG Hua?lan] -- Personal,民國16年 [1927],box 3,folder 130,aspace_ref111_z0q
Seller: 陳兆濤 [CHEN Zhaotao] -- Buyer: 陳兆和 [CHEN Zhaohe] -- Place: 福建省永泰縣 [Fujian Sheng Yongtai Xian] -- Government,民国16年 [1927],box 3,folder 131A,aspace_ref255_l9q
Seller: 文鳳 [WEN Feng] -- Place: 福建省閩清縣 [Fujian Sheng Minqing Xian] -- Government,"民國16年, 民國17年 [1927, 1928]",box 3,folder 131,aspace_ref96_kin
Seller: 張國光 [ZHANG Guoguang] -- Buyer: 張國寶 [ZHANG Guobao] -- Place: 福建省閩侯縣 [Fujian Sheng Minhou Xian] -- Government,"民國17年, 民國24年 [1928, 1935]",box 3,folder 132,aspace_ref126_9j3
Seller: 昌宜 [Changyi] -- Buyer: 咸宜 [Xianyi] -- Place: 福建省（清源縣?） [Fujian Sheng (Qingyuan Xian?)] -- Personal,民國17年 [1928],box 3,folder 133,aspace_ref103_15a
Buyer: 錆啇百壽協廳軒 [Qiangdi Baishouxietingxuan] -- Place: 福建省 [Fujian Sheng] -- Government,民國17年 [1928],box 3,folder 134,aspace_ref74_xx6
Seller: 道楷 [Daokai] -- Buyer: 咸宜 [Xianyi] -- Place: 福建省(清源縣?) [Fujian Sheng (Qingyuan Xian?)] -- Personal,民國17年 [1928],box 3,folder 135,aspace_ref102_q93
Owner: 黃乞容 [HUANG Qirong] -- Place: 福建省永泰縣 [Fujian Sheng Yongtai Xian] -- Government,民國17年 [1928],box 3,folder 136,aspace_ref113_y94
Owner: 盧亨雲 [LU Hengyun] -- Place: 福建省古田縣 [Fujian Sheng Gutian Xian] -- Government,民國17年 [1928],box 3,folder 137,aspace_ref194_1da
Seller: 張國光 [ZHANG Guoguang] -- Buyer: 張國寶 [ZHANG Guobao] -- Place: unknown -- Personal,民國17年 [1928],box 3,folder 138,aspace_ref225_yxx
Owner: 林枝貴 [LIN Zhigui] -- Place: 福建省古田縣 [Fujian Sheng Gutian Xian] -- Government,民國18年 [1929],box 3,folder 139,aspace_ref7_dky
Seller: 程道魯 [CHENG Daolu] -- Buyer: 程楊春 [CHENG Yangchun] -- Place: 福建省閩侯縣 [Fujian Sheng Minhou Xian] -- Government,民国18年 [1929],box 3,folder 140A,aspace_ref256_xiu
Seller: 陳宿康 [CHEN Sukang] -- Buyer: 陳桂修 [CHEN Guixiu] -- Place: 福建省閩侯縣 [Fujian Sheng Minhou Xian] -- Government,"民国18年,民国24年 [1929, 1935]",box 3,folder 140C,aspace_ref258_lsv
Seller: 陳太記 [CHEN Taiji] -- Buyer: 陳宿漙 [CHEN Sutuan] -- Place: 福建省閩侯縣 [Fujian Sheng Minhou Xian] -- Personal,"民国18 年, 民囯20年, 民囯24年 [1929, 1931, 1935]",box 3,folder 140B,aspace_ref257_soa
Owner: 陳傳京 [CHEN Chuanjing] -- Seller: 陈成餘 [CHEN Chengyu] -- Place: 福建省閩侯縣 [Fujian Sheng Minhou Xian] -- Government,民國18年 [1929],box 3,folder 140,aspace_ref164_qpc
Owner: 洪國慶 [HONG Guoqing] -- Place: 福建省古田縣 [Fujian Sheng Gutian Xian] -- Government,民國19年 [1930],box 3,folder 141,aspace_ref196_8be
Seller: 高天钏 [GAO Tianchuan] -- Buyer: 郑祚龙 [ZHENG Zuolong] -- Personal,民国20年 [1931],box 3,folder 142,aspace_ref10_c3u
Owner: 黃乞容 [HUANG Qirong] -- Place: 福建省永泰縣 [Fujian Sheng Yongtai Xian] -- Government,民國20年 [1931],box 3,folder 143,aspace_ref114_n8c
Place: 福建省閩侯縣 [Fujian Sheng Minhou Xian] -- Government,民國21年 [1932],box 3,folder 144,aspace_ref75_bdo
Seller: 劉振萬 [LIU Zhenwan] -- Buyer: 劉紀臣 [LIU jichen] -- Place: 福建省閩清縣 [Fujian Sheng Minqing Xian] -- Government,民國21年 [1932],box 3,folder 145,aspace_ref23_4x3
Owner: 林可昌 [LIN Kechang] and 林可淦 [LIN Kegan] -- Personal,民國21年 [1932],box 3,folder 146,aspace_a7e5f26f466b68e38106c596e2561a28
Seller: 陳聖榜 [CHEN Shengbang] -- Buyer: 陳桂修 [CHEN Guixiu] -- Place: 福建省閩侯縣 [Fujian Sheng Minhou Xian] -- Personal,"民国21年, 民国23年, 民国24年 [1932, 1934, 1935]",box 3,folder 147A,aspace_ref259_ei2
Seller: 欽源 [Qinyuan] -- Buyer: 陳欽瑞 [CHEN Qinrui] -- Place: 福建省福清縣 [Fujian Sheng Fuqing Xian] -- Personal,民國21年 [1932],box 3,folder 147,aspace_ref107_ui2
Owner: 余興泉 [YU Xingquan] -- Place: 福建省古田縣 [Fujian Sheng Gutian Xian] -- Government,民國22年 [1933],box 3,folder 148,aspace_ref202_piw
Owner: 葉克培 [YE Kepei] -- Place: 福建省古田縣 [Fujian Sheng Gutian Xian] -- Government,民國22年 [1933],box 3,folder 149,aspace_ref203_27b
Seller: 林述璋 [LIN Shuzhang] -- Buyer: 林學通 [LIN Xuetong] -- Place: 福建省閩侯縣 [Fujian Sheng Minhou Xian] -- Government,民國23年 [1934],box 3,folder 150,aspace_ref130_00d
Seller: 黃懷周 [HUANG Huaizhou] -- Buyer: 邵李氏 [Shaolishi] -- Place: 福建省閩侯縣 [Fujian Sheng Minhou Xian] -- Government,"民國23年, 民國29年 [1934, 1940]",box 3,folder 151,aspace_ref98_shu
"Owner: 劉德桂 [LIU Degui], 劉德輝 [LIU Dehui], 劉如慶 [LIU Ruqing] and 劉景星 [LIU Jingxing] -- Place: 福建省建陽縣 [Fujian Sheng Jianyang Xian] -- Government",民國24年 [1935],box 3,folder 152,aspace_ref118_zaq
Seller: 陳如良 [CHEN Ruliang] -- Buyer: （陈？）謀丁 [(CHEN?) Mouding] -- Place: 福建省古田縣 [Fujian Sheng Gutian Xian] -- Government,民國24年 [1935],box 3,folder 153,aspace_ref197_mqn
Owner: 張國軒 [ZHANG Guoxuan] -- Place: 福建省閩侯縣 [Fujian Sheng Minhou Xian] -- Government,民國24年 [1935],box 3,folder 154,aspace_ref226_tt7
Owner: 林親顶 [LIN Qinding] -- Seller: 陳佃 [CHEN Dian] -- Buyer: 施至祥 [SHI Zhixiang] -- Place: 福建省晉江縣 [Fujian Sheng Jinjiang Xian] -- Government,"民國24年, 1953年 [1935, 1953]",box 3,folder 155,aspace_ref135_y3h
Seller: 劉人科 [LIU Renke] -- Buyer: 劉子知後裔 [descendants of LIU Zizhi] -- Place: 福建省閩清縣 [Fujian Sheng Minqing Xian] -- Government,民国24年 [1935],box 3,folder 155A,aspace_ref260_81g
Seller: 陳欽隆 [CHEN Qinlong] -- Buyer: 陳欽瑞 [CHEN Qinrui] -- Place: 福建省 [Fujian Sheng] -- Personal,民國丙子25年 [1936],box 3,folder 156,aspace_ref109_o12
Seller: 陳欽隆 [CHEN Qinlong] -- Buyer: 陳欽瑞 [CHEN Qinrui] -- Place: 福建省閩侯縣 [Fujian Sheng Minhou Xian] -- Personal,民國25年 [1936],box 3,folder 157,aspace_ref104_rad
Seller: 陳欽隆 [CHEN Qinlong] -- Buyer: 陳欽瑞 [CHEN Qinrui] -- Place: 福建省 [Fujian Sheng] -- Personal,民國丙子25年 [1936],box 3,folder 158,aspace_ref108_vtm
Seller: 陳欽隆 [CHEN Qinlong] -- Buyer: 陳欽瑞 [CHEN Qinrui] -- Place: 福建省 [Fujian Sheng] -- Personal,民國丙子25年 [1936],box 3,folder 159,aspace_ref221_r5b
Owner: 吳修晟 [WU Xiusheng] -- Place: 福建省晉江縣 [Fujian Sheng Jinjiang Xian] -- Government,民國26年 [1937],box 3,folder 160,aspace_ref227_l0m
Owner: 林施裕 [LIN Shiyu] -- Place: 福建省永泰縣 [Fujian Sheng Yongtai Xian] -- Government,民國28年 [1939],box 3,folder 161,aspace_ref147_fdo
Seller: 藍維乾 [LAN Weiqian] and 藍維坤 [LAN Weikun] -- Buyer: 吳淮棉 [WU Huaimian] -- Personal,民國庚辰29年 [1940],box 3,folder 162,aspace_ref19_7e4
Seller: 陳老鳳 [CHEN Laofeng] -- Buyer: 陳玉書 [CHEN Yushu] -- Place: 福建省 [Fujian Sheng] -- Personal,民國30年 [1941],box 3,folder 163,aspace_ref105_a5c
Owner: 張道興 [ZHANG Daoxing] -- Seller: 余傳荃 [YU Chuanquan] -- Buyer: 張道興 [ZHANG Daoxing] -- Place: 福建省閩清縣 [Fujian Sheng Minqing Xian] -- Government,"民囯31年, 民國32年 [1942, 1943]",box 3,folder 164,aspace_ref205_asq
Owner: 黃昌聲 [HUANG Changsheng] -- Buyer: 陳智存 [CHEN Zhicun] -- Place: unknown -- Government,民國32年 [1943],box 3,folder 165,aspace_ref222_z5k
Seller: 黃炮 [HUANG Pao] -- Buyer: 沈秀清 [SHEN Xiuqing] -- Place: 福建省東山縣 [Fujian Sheng Dongshan Xian] -- Government,"民國32年, 1952年 [1943, 1952]",box 3,folder 166,aspace_ref133_gh4
Owner: 葉文怡 [YE Wenyi] -- Place: 福建省永泰縣 [Fujian Sheng Yongtai Xian] -- Government,民國34年 [1945],box 3,folder 167,aspace_ref27_1aq
Owner: 黃生官 [HUANG Shengguan] -- Place: 福建省林森縣 [Fujian Sheng Linsen Xian] -- Government,民國34年 [1945],box 3,folder 168,aspace_ref90_vy7
Seller: 林明尊 [LIN Mingzun] -- Buyer: 陳功存 [CHEN Gongcun] -- Place: 福建省上竹林 [Fujian Sheng Shangzhulin] -- Personal,民國34年 [1945],box 3,folder 169,aspace_ref101_j5a
Owner: 黃克動 [HUANG Kedong] -- Place: 福建省林森縣 [Fujian Sheng Linsen Xian] -- Government,民國35年 [1946],box 3,folder 170,aspace_ref83_qeh
Owner: 黃克動 [HUANG Kedong] -- Place: 福建省林森縣 [Fujian Sheng Linsen Xian] -- Government,民國35年 [1946],box 4,folder 171,aspace_ref91_g86
Owner: 黃森官等 [HUANG Senguan etc.] -- Place: 福建省林森縣 [Fujian Sheng Linsen Xian] -- Government,民國35年 [1946],box 4,folder 172,aspace_ref92_7lq
Seller: 張學車 [ZHANG Xueche] -- Buyer: 陳書寶 [CHEN Shubao] and 張學車 [ZHANG Xueche] -- Place: 福建省福清縣 [Fujian Sheng Fuqing Xian] -- Government,"民國35年, 1951年 [ 1946, 1951]",box 4,folder 173,aspace_ref2_xng
Owner: 王鐘鈞 [WANG Zhongjun] -- Place: 福建省林森縣 [Fujian Sheng Linsen Xian] -- Government,民國36年 [1947],box 4,folder 174,aspace_ref53_o97
Owner: 王鐘鈞 [WANG Zhongjun] -- Place: 福建省林森縣 [Fujian Sheng Linsen Xian] -- Government,民國36年 [1947],box 4,folder 175,aspace_ref54_q7d
Owner: 林修枝 [LIN Xiuzhi] -- Place: 福建省林森縣 [Fujian Sheng Linsen Xian] -- Government,民國36年 [1947],box 4,folder 176,aspace_ref55_epm
Owner: 林修枝 [LIN Xiuzhi] -- Place: 福建省林森縣 [Fujian Sheng Linsen Xian] -- Government,民國36年 [1947],box 4,folder 177,aspace_ref56_nuk
Owner: 林修枝 [LIN Xiuzhi] -- Place: 福建省林森縣 [Fujian Sheng Linsen Xianen] -- Government,民國36年 [1947],box 4,folder 178,aspace_ref57_ovb
Owner: 林修枝 [LIN Xiuzhi] -- Place: 福建省林森縣 [Fujian Sheng Linsen Xian] -- Government,民國36年 [1947],box 4,folder 179,aspace_ref58_4aa
Owner: 林修枝 [LIN Xiuzhi] -- Place: 福建省林森縣 [Fujian Sheng Linsen Xian] -- Government,民國36年 [1947],box 4,folder 180,aspace_ref59_u8w
Owner: 林修枝 [LIN Xiuzhi] -- Place: 福建省林森縣 [Fujian Sheng Linsen Xian] -- Government,民國36年 [1947],box 4,folder 181,aspace_ref60_wx2
Owner: 林修枝 [LIN Xiuzhi] -- Place: 福建省林森縣 [Fujian Sheng Linsen Xian] -- Government,民國36年 [1947],box 4,folder 182,aspace_ref61_z7t
Owner: 林修枝 [LIN Xiuzhi] -- Place: 福建省林森縣 [Fujian Sheng Linsen Xian] -- Government,民國36年 [1947],box 4,folder 183,aspace_ref62_mt6
Owner: 林修枝 [LIN Xiuzhi] -- Place: 福建省林森縣 [Fujian Sheng Linsen Xian] -- Government,民國36年 [1947],box 4,folder 184,aspace_ref63_aup
Owner: 黃克動 [HUANG Kedong] and 黃生官 [HUANG Shengguan] -- Place: 福建省林森縣 [Fujian Sheng Linsen Xian] -- Government,民國36年 [1947],box 4,folder 185,aspace_ref72_qyq
Owner: 黃生官 [HUANG Shengguan] -- Place: 福建省林森縣 [Fujian Sheng Linsen Xian] -- Government,民國36年 [1947],box 4,folder 186,aspace_ref73_e5x
Seller: 陳潮寳 [CHEN Chaobao] -- Buyer: 陳敦清 [CHEN Dunqing] -- Place: 福建省林森縣 [Fujian Sheng Linsen Xian] -- Government,民國36年 [1947],box 4,folder 187,aspace_ref171_ln0
Owner: 余挹岩 [YU Yiyan] -- Place: 上海市 [Shanghai Shi] -- Property Charity bazaar letter,民国37年 [1948],box 4,folder 188A,aspace_ref261_juq
Seller: 黃榮森 [HUANG Rongsen] -- Buyer: 黃煌 [HUANG Huang] -- Place: 福建省東山縣 [Fujian Sheng Dongshan Xian] -- Government,"民國36年, 1952年 [1947, 1952]",box 4,folder 188,aspace_ref132_tk1
Owner: 嬌世范 [JIAO Shifan] -- Place: 遼寧省新金縣 [Liaoning Sheng Xinjin Xian] -- Government,民國38年 [1949],box 4,folder 189,aspace_ref155_5xb
Place: 華東 [Huadong(East China)] -- Government,1949,box 4,folder 190,aspace_ref143_qum
Seller: unknown -- Place: 福建省福州市 [Fujian Sheng Fuzhou Shi] -- Government,民國38年 [1949],box 4,folder 191,aspace_ref170_nhq
Seller: 林定宗（林登宗？） [LIN Ding(Deng)zong] -- Buyer: 余溪 [YU Xi] -- Place: 福建省東山縣 [Fujian Sheng Dongshan Xian] -- Government,"民國38年, 1952年 [1949, 1952]",box 4,folder 192,aspace_ref145_arc
Seller: 劉隹 [LIU Zhui] -- Buyer: 沙延德 [SHA Yande] -- Place: 福建省東山縣 [Fujian Sheng Dongshan Xian] -- Government,"民國38年, 1952年 [1949, 1952]",box 4,folder 193,aspace_ref157_hy1
Owner: 王萃延 [WANG Cuiyan] -- Place: 福建省南安縣 [Fujian Sheng Nan'an Xian] -- Government,1951,box 4,folder 194,aspace_ref123_arh
Owner: 黃生官 [HUANG Shengguan] -- Place: 福建省閩侯縣 [Fujian Sheng Minhou Xian] -- Government,1951,box 4,folder 195,aspace_ref165_5y8
Seller: 王細細弟 [Younger brother of WANG Xixi] -- Buyer:王炳凱 [WANG Bingkai] -- Place: 福建省閩侯縣 [Fujian Sheng Minhou Xian] -- Personal,1951,box 4,folder 195A,aspace_ref262_t85
"Owner: 林宗 [LIN Zong], 吳淑珍 [WU Shuzhen], 林涯 [ LIN Ya] and 林貢 [LIN Gong] -- Place: 福建省晉江縣 [Fujian Sheng Jinjiang Xian] -- Government",1952,box 4,folder 196,aspace_ref117_ym6
"Owner: 施性固 [SHI Xinggu], 顏蒜 [YAN Suan], 施能鎖 [SHI Nengsuo] and 施松柏 [SHI Songbai] -- Place: 福建省晉江縣 [Fujian Sheng Jinjiang Xian] -- Government",1952,box 4,folder 197,aspace_ref120_rqp
Seller: 朱發 [ZHU Fa ] -- Place: 福建省東山縣 [Fujian Sheng Dongshan Xian] -- Government,1952,box 4,folder 198,aspace_ref152_iwv
Seller: 孫宗馨 [SUN Zongxin ] -- Place: 福建省東山縣 [Fujian Sheng Dongshan Xian] -- Government,1952,box 4,folder 199,aspace_ref153_m2e
"Owner: 黃滑 [HUANG Hua], 黃嚕 [ HUANG Lu], 黃世 [HUANG Shi] and 連芳 [LIAN Fang] -- Place: 福建省南安縣 [Fujian Sheng Nan'an Xian] -- Government",1952,box 4,folder 200,aspace_ref124_gr5
"Owner: 李水旺 [LI Shuiwang], 陳連玉 [CHEN Lianyu], 李義妹 [LI Yimei] and 李義草 [LI Yicao] -- Place: 福建邵武縣 [Fujian Sheng Shaowu Xian] -- Government",1952,box 4,folder 201,aspace_ref139_ien
Owner: 李銀山 [LI Yinshan] -- Place: 四川省合川縣 [Sichuan Sheng Hechuan Xian] -- Government,1953,box 4,folder 202,aspace_ref119_8hr
Seller: 陳佃 [CHEN Dian] -- Buyer: 施至尚 [SHI Zhishang] -- Place: 福建省晉江縣 [Fujian Sheng Jinjiang Xian] -- Government,1953,box 4,folder 203,aspace_ref121_jcc
Seller: 方圍九 [FANG Weijiu] -- Buyer: 林武 [LIN Wu] -- Place: 福建省東山縣 [Fujian Sheng Dongshan Xian] -- Government,1953,box 4,folder 204,aspace_ref127_y41
Seller: 陳佃 [CHEN Dian] -- Buyer: 施至尚 [SHI Zhishang] -- Place: 福建省晉江縣 [Fujian Sheng Jinjiang Xian] -- Government,1953,box 4,folder 205,aspace_ref134_krg
Owner:李文富 [LI Wenfu] -- Place: 雲南省鶴慶縣 [Yunnan Sheng Heqing Xian] -- Government,1953,box 4,folder 206,aspace_ref138_x8s
Owner: 藍福良 [LAN Fuliang] -- Place: 四川省榮縣 [Sichuan Sheng Rong Xian] -- Government,1953,box 4,folder 207,aspace_ref144_z9s
Seller: 陳佃 [CHEN Dian] -- Buyer: 施至尚 [SHI Zhishan] -- Place: 福建省晉江縣 [Fujian Sheng Jinjiang Xian] -- Government,1953,box 4,folder 208,aspace_ref131_hih
Seller: 林清 [LIN Qing] -- Buyer: 陳蕃薯 [CHEN Fanshu] -- Place: 福建省東山縣 [Fujian Sheng Dongshan Xian] -- Government,1954,box 4,folder 209,aspace_ref128_053
Owner: 楊世平 [YANG Shiping] and 陳道祥 [CHEN Daoxiang] -- Place: 福建省順昌縣 [Fujian Sheng Shunchang Xian] -- Government,1978,box 4,folder 210,aspace_ref180_gae
Place: 福建省 [Fujian Sheng] -- Government,Unknown,box 4,folder 211,aspace_ref24_vm1
Owner: 慎方 [Shenfang] -- Place: 福建省連城縣 [Fujian Sheng Liancheng Xian] -- Government,道光？年 [1827-1850],box 4,folder 212,aspace_ref84_7la
Seller: 吳秉鑒 [WU Bingjian] -- Buyer: 謝 [XIE] -- Place: 福建省閩縣 [Fujian Sheng Min Xian] -- Government,Unknown,box 4,folder 213,aspace_ref86_v9p
Place: 福建省閩侯縣 [Fujian Sheng Minhou Xian],Unknown,box 4,folder 214,aspace_ref181_ruv
