pid,nid,url,title,date_str,edtf_date,extent,box_folder,pages_in_iiif,doc_kind,place_zh,place_pinyin,description,description_long,note,genre,subjects,geo_subjects,member_of,owner_zh,owner_pinyin,other_roles,seller_zh,seller_pinyin,buyer_zh,buyer_pinyin
pitt:31735064607413,83791,https://digital.library.pitt.edu/islandora/object/pitt:31735064607413,Owner: 高恭地[GAO Gongdi] -- Place: 福建省福清縣[Fujian Sheng Fuqing Xian] -- Government,1886,1886,1 item,"Box 2, Folder 60",1,Government,福建省福清縣,Fujian Sheng Fuqing Xian,,,,records (documents),,,1057,高恭地,GAO Gongdi,,,,,
pitt:31735064607447,83794,https://digital.library.pitt.edu/islandora/object/pitt:31735064607447,Seller: 林春源 [LIN Chunyuan] -- Place: 福建省閩邑 [Fujian Sheng Min Yi] -- Personal,1866,1866,1 item,"Box 1, Folder 41",1,Personal,福建省閩邑,Fujian Sheng Min Yi,,,,records (documents),,,1057,,,,林春源,LIN Chunyuan,,
pitt:31735064607470,83797,https://digital.library.pitt.edu/islandora/object/pitt:31735064607470,Seller: 王錦發 [WANG Jinfa] -- Buyer: 王錦枝 [WANG Jinzhi] -- Place: 福建省閩縣 [Fujian Sheng Min Xian ] -- Personal,1887,1887,1 item,"Box 2, Folder 63",1,Personal,福建省閩縣,Fujian Sheng Min Xian,,,,records (documents),,,1057,,,,王錦發,WANG Jinfa,王錦枝,WANG Jinzhi
pitt:31735064607504,83801,https://digital.library.pitt.edu/islandora/object/pitt:31735064607504,Seller: 陳燦祥 [CHEN Canxiang] -- Buyer: 吳 [WU] -- Place: 福建省閩侯縣 [Fujian Sheng Minhou Xian ] -- Government,1918,1918,1 item,"Box 2, Folder 108",1,Government,福建省閩侯縣,Fujian Sheng Minhou Xian,,,,records (documents),,,1057,,,,陳燦祥,CHEN Canxiang,吳,WU
pitt:31735064607538,83804,https://digital.library.pitt.edu/islandora/object/pitt:31735064607538,Seller: 許瓊栢 [XU Qiongbai] -- Buyer: 吳省忠 [WU Shengzhong] -- Place: 福建省永定縣 [Fujian Sheng Yongding Xian] -- Government,1761/1762,1761/1762,1 item,"Box 1, Folder 5",2,Government,福建省永定縣,Fujian Sheng Yongding Xian,,,,records (documents),,,1057,,,,許瓊栢,XU Qiongbai,吳省忠,WU Shengzhong
pitt:31735064607561,83807,https://digital.library.pitt.edu/islandora/object/pitt:31735064607561,Seller: 維衜 [Weidao] -- Personal,1917,1917,1 item,"Box 2, Folder 105",1,Personal,,,,,,records (documents),,,1057,,,,維衜,Weidao,,
pitt:31735064607603,83811,https://digital.library.pitt.edu/islandora/object/pitt:31735064607603,Place: 福建省 [Fujian Sheng] -- Government,,,1 item,"Box 4, Folder 211",1,Government,福建省,Fujian Sheng,,,,records (documents),,,1057,,,,,,,
pitt:31735064607637,83814,https://digital.library.pitt.edu/islandora/object/pitt:31735064607637,Owner: 葉文怡 [YE Wenyi] -- Place: 福建省永泰縣 [Fujian Sheng Yongtai Xian] -- Government,1945,1945,1 item,"Box 3, Folder 167",3,Government,福建省永泰縣,Fujian Sheng Yongtai Xian,,,,records (documents),,,1057,葉文怡,YE Wenyi,,,,,
pitt:31735064607652,83817,https://digital.library.pitt.edu/islandora/object/pitt:31735064607652,Seller: 劉盛章 [LIU Shengzhang] --Buyer: 劉咸安 [LIU Xian'an] and 劉道建 [LIU Daojian] -- Place: 福建省建陽縣 [Fujian Sheng Jianyang Xian] -- Government,1798,1798,1 item,"Box 1, Folder 11",1,Government,福建省建陽縣,Fujian Sheng Jianyang Xian,,,,records (documents),,,1057,,,,劉盛章,LIU Shengzhang,劉咸安,LIU Xian'an] and 劉道建 [LIU Daojian
pitt:31735064607694,83821,https://digital.library.pitt.edu/islandora/object/pitt:31735064607694,Seller: 林應香 [LIN Yingxiang] -- Buyer: 林萬開 [LIN Wankai] -- Place: 福建省閩侯縣 [Fujian Sheng Minhou Xian] -- Government,1913,1913,1 item,"Box 2, Folder 97",1,Government,福建省閩侯縣,Fujian Sheng Minhou Xian,,,,records (documents),,,1057,,,,林應香,LIN Yingxiang,林萬開,LIN Wankai
pitt:31735064607728,83824,https://digital.library.pitt.edu/islandora/object/pitt:31735064607728,Seller: 楊兆通 [YANG Zhaotong] -- Buyer: 林 [LIN] -- Personal,1862,1862,1 item,"Box 1, Folder 37",1,Personal,,,,,,records (documents),,,1057,,,,楊兆通,YANG Zhaotong,林,LIN
pitt:31735064607751,83827,https://digital.library.pitt.edu/islandora/object/pitt:31735064607751,Seller: 林秋溥 [LIN Qiupu] -- Buyer: 林萬開 [LIN Wankai] -- Place: 福建省侯官縣 [Fujian Sheng Houguan Xian] -- Government,1884,1884,1 item,"Box 2, Folder 58",1,Government,福建省侯官縣,Fujian Sheng Houguan Xian,,,,records (documents),,,1057,,,,林秋溥,LIN Qiupu,林萬開,LIN Wankai
pitt:31735064607819,83834,https://digital.library.pitt.edu/islandora/object/pitt:31735064607819,Seller: 王兆熙 [WANG Zhaoxi] -- Buyer: 林 [LIN] -- Place: 福建省閩侯縣 [Fujian Sheng Minhou Xian] -- Government,1894,1894,1 item,"Box 2, Folder 78",1,Government,福建省閩侯縣,Fujian Sheng Minhou Xian,,,,records (documents),,,1057,,,,王兆熙,WANG Zhaoxi,林,LIN
pitt:31735064607843,83837,https://digital.library.pitt.edu/islandora/object/pitt:31735064607843,Seller: 趙守藻 [ZHAO Shouzao] -- Buyer: 林 [LIN] -- Place: 福建省侯官縣 [Fujian Sheng Houguan Xian] -- Government,1805,1805,1 item,"Box 1, Folder 14",1,Government,福建省侯官縣,Fujian Sheng Houguan Xian,,,,records (documents),,,1057,,,,趙守藻,ZHAO Shouzao,林,LIN
pitt:31735064607884,83841,https://digital.library.pitt.edu/islandora/object/pitt:31735064607884,Owner: 林有柱 [LIN youzhu] -- Buyer: 趙守藻 [ZHAO Shouzao] -- Place: 福建省侯官縣 [Fujian Sheng Houguan Xian] -- Government,1913,1913,1 item,"Box 2, Folder 96",1,Government,福建省侯官縣,Fujian Sheng Houguan Xian,,,,records (documents),,,1057,林有柱,LIN youzhu,,,,趙守藻,ZHAO Shouzao
pitt:31735066237359,83844,https://digital.library.pitt.edu/islandora/object/pitt:31735066237359,Owner: 張利禧 [ZHANG Lixi] --Seller: 鄭嬌姑 [ZHENG Jiaogu] -- Buyer: 鄭淳氏 [ZHENGchunshi] -- Place: 福建省古田縣 [Fujian Sheng Gutian Xian] -- Government,1864/1872,1864/1872,1 item,"Box 1, Folder 39",2,Government,福建省古田縣,Fujian Sheng Gutian Xian,,,,records (documents),,,1057,張利禧,ZHANG Lixi,,鄭嬌姑,ZHENG Jiaogu,鄭淳氏,ZHENGchunshi
pitt:31735066237375,83847,https://digital.library.pitt.edu/islandora/object/pitt:31735066237375,Seller: 李有定 [LI Youding] -- Buyer: 謝氏 [XIE] -- Place: 福建省閩清縣 [Fujian Sheng Minqing Xian] -- Government,1779,1779,1 item,"Box 1, Folder 7",1,Government,福建省閩清縣,Fujian Sheng Minqing Xian,,,,records (documents),,,1057,,,,李有定,LI Youding,謝氏,XIE
pitt:31735066237417,83851,https://digital.library.pitt.edu/islandora/object/pitt:31735066237417,Owner: 林元鼎 [LIN Yuanding] -- Place: 福建省古田縣 [Fujian Sheng Gutian Xian] -- Government,1849,1849,1 item,"Box 1, Folder 32",1,Government,福建省古田縣,Fujian Sheng Gutian Xian,,,,records (documents),,,1057,林元鼎,LIN Yuanding,,,,,
pitt:31735066237441,83854,https://digital.library.pitt.edu/islandora/object/pitt:31735066237441,Owner: 雷汝知 [LEI Ruzhi] -- Place: 福建省古田縣 [Fujian Sheng Gutian Xian] -- Government,1915,1915,1 item,"Box 2, Folder 103",1,Government,福建省古田縣,Fujian Sheng Gutian Xian,,,,records (documents),,,1057,雷汝知,LEI Ruzhi,,,,,
pitt:31735066237474,83857,https://digital.library.pitt.edu/islandora/object/pitt:31735066237474,Seller: 林履同 [LIN Lutong] -- Buyer: 張炳源 [ZHANG Bingyuan] -- Place: 福建省古田縣 [Fujian Sheng Gutian Xian] -- Government,1925,1925,1 item,"Box 3, Folder 124",1,Government,福建省古田縣,Fujian Sheng Gutian Xian,,,,records (documents),,,1057,,,,林履同,LIN Lutong,張炳源,ZHANG Bingyuan
pitt:31735066237516,83861,https://digital.library.pitt.edu/islandora/object/pitt:31735066237516,Owner: 余興泉 [YU Xingquan] -- Place: 福建省古田縣 [Fujian Sheng Gutian Xian] -- Government,1933,1933,1 item,"Box 3, Folder 148",1,Government,福建省古田縣,Fujian Sheng Gutian Xian,,,,records (documents),,,1057,余興泉,YU Xingquan,,,,,
pitt:31735066237532,83864,https://digital.library.pitt.edu/islandora/object/pitt:31735066237532,Owner: 黃財業 [HUANG Caiye] -- Seller: 許春願 [XU Chunyuan] -- Buyer: 黃財業 [HUANG Caiye] -- Place: 福建省閩縣 [Fujian Sheng Min Xian] -- Government,1904/1943,1904/1943,1 item,"Box 2, Folder 86",2,Government,福建省閩縣,Fujian Sheng Min Xian,,,,records (documents),,,1057,黃財業,HUANG Caiye,,許春願,XU Chunyuan,黃財業,HUANG Caiye
pitt:31735066237565,83867,https://digital.library.pitt.edu/islandora/object/pitt:31735066237565,Owner: 劉景茂 [LIU Jingmao] -- Place: 福建省建陽縣 [Fujian Sheng Jianyang Xian] -- Government,1867,1867,1 item,"Box 1, Folder 43",1,Government,福建省建陽縣,Fujian Sheng Jianyang Xian,,,,records (documents),,,1057,劉景茂,LIU Jingmao,,,,,
pitt:31735066237607,83871,https://digital.library.pitt.edu/islandora/object/pitt:31735066237607,Owner: 黃國興等 [HUANG Guoxing] etc. -- Place: 福建省永泰縣 [Fujian Sheng Yongtai Xian] -- Government,1926/1927,1926/1927,1 item,"Box 3, Folder 128",6,Government,福建省永泰縣,Fujian Sheng Yongtai Xian,,,,records (documents),,,1057,黃國興等 [HUANG Guoxing] etc.,,,,,,
pitt:31735066237631,83874,https://digital.library.pitt.edu/islandora/object/pitt:31735066237631,Owner: 黃雲村? [HUANG Yuncun] and 黃汝勷 [HUANG Rurang] -- Place: 福建省永泰縣 [Fujian Sheng Yongtai Xian] -- Government,1920/1925,1920/1925,1 item,"Box 2, Folder 110",7,Government,福建省永泰縣,Fujian Sheng Yongtai Xian,,,,records (documents),,,1057,黃雲村?,HUANG Yuncun] and 黃汝勷 [HUANG Rurang,,,,,
pitt:31735066237698,83881,https://digital.library.pitt.edu/islandora/object/pitt:31735066237698,Place: unknown -- Personal,1887,1887,1 item,"Box 2, Folder 65",2,Personal,unknown,,,,,records (documents),,,1057,,,,,,,
pitt:31735066237722,83884,https://digital.library.pitt.edu/islandora/object/pitt:31735066237722,Seller: 黃隆貫 [HUANG Longguan] -- Buyer: 陳國遠 [CHEN Guoyuan] -- Place: unknown -- Personal,1829,1829,1 item,"Box 1, Folder 23",1,Personal,unknown,,,,,records (documents),,,1057,,,,黃隆貫,HUANG Longguan,陳國遠,CHEN Guoyuan
pitt:31735066237755,83887,https://digital.library.pitt.edu/islandora/object/pitt:31735066237755,Owner: 張國軒 [ZHANG Guoxuan] -- Place: 福建省閩侯縣 [Fujian Sheng Minhou Xian] -- Government,1935,1935,1 item,"Box 3, Folder 154",1,Government,福建省閩侯縣,Fujian Sheng Minhou Xian,,,,records (documents),,,1057,張國軒,ZHANG Guoxuan,,,,,
pitt:31735066266150,83891,https://digital.library.pitt.edu/islandora/object/pitt:31735066266150,Owner: 王鐘鈞 [WANG Zhongjun] -- Place: 福建省林森縣 [Fujian Sheng Linsen Xian] -- Government,1947,1947,1 item,"Box 4, Folder 175",1,Government,福建省林森縣,Fujian Sheng Linsen Xian,,,,records (documents),,,1057,王鐘鈞,WANG Zhongjun,,,,,
pitt:31735066266176,83894,https://digital.library.pitt.edu/islandora/object/pitt:31735066266176,Owner: 林修枝 [LIN Xiuzhi] -- Place: 福建省林森縣 [Fujian Sheng Linsen Xian] -- Government,1947,1947,1 item,"Box 4, Folder 177",1,Government,福建省林森縣,Fujian Sheng Linsen Xian,,,,records (documents),,,1057,林修枝,LIN Xiuzhi,,,,,
pitt:31735066266200,83897,https://digital.library.pitt.edu/islandora/object/pitt:31735066266200,Owner: 林修枝 [LIN Xiuzhi] -- Place: 福建省林森縣 [Fujian Sheng Linsen Xian] -- Government,1947,1947,1 item,"Box 4, Folder 180",1,Government,福建省林森縣,Fujian Sheng Linsen Xian,,,,records (documents),,,1057,林修枝,LIN Xiuzhi,,,,,
pitt:31735066266242,83901,https://digital.library.pitt.edu/islandora/object/pitt:31735066266242,Owner: 林修枝 [LIN Xiuzhi] -- Place: 福建省林森縣 [Fujian Sheng Linsen Xian] -- Government,1947,1947,1 item,"Box 4, Folder 184",1,Government,福建省林森縣,Fujian Sheng Linsen Xian,,,,records (documents),,,1057,林修枝,LIN Xiuzhi,,,,,
pitt:31735066266275,83904,https://digital.library.pitt.edu/islandora/object/pitt:31735066266275,Owner: 林萬利 [LIN Wanli] -- Place: 福建省侯官縣 [Fujian Sheng Houguan Xian] -- Government,1886,1886,1 item,"Box 2, Folder 61",1,Government,福建省侯官縣,Fujian Sheng Houguan Xian,,,,records (documents),,,1057,林萬利,LIN Wanli,,,,,
pitt:31735066266309,83907,https://digital.library.pitt.edu/islandora/object/pitt:31735066266309,Seller: 藍炳孫 [LAN Bingsun] -- Buyer: 程長孫 [CHENG Changsun] -- Personal,1890,1890,1 item,"Box 2, Folder 72",1,Personal,,,,,,records (documents),,,1057,,,,藍炳孫,LAN Bingsun,程長孫,CHENG Changsun
pitt:31735066266333,83911,https://digital.library.pitt.edu/islandora/object/pitt:31735066266333,Owner: 黃生官 [HUANG Shengguan] -- Place: 福建省林森縣 [Fujian Sheng Linsen Xian] -- Government,1947,1947,1 item,"Box 4, Folder 186",1,Government,福建省林森縣,Fujian Sheng Linsen Xian,,,,records (documents),,,1057,黃生官,HUANG Shengguan,,,,,
pitt:31735066266366,83914,https://digital.library.pitt.edu/islandora/object/pitt:31735066266366,Seller: 黃維裕 [HUANG Weiyu] and 黃維岑[HUANG Weicen] -- Personal,1842,1842,1 item,"Box 1, Folder 30",1,Personal,,,,,,records (documents),,,1057,,,,黃維裕,HUANG Weiyu] and 黃維岑[HUANG Weicen,,
pitt:31735066266390,83917,https://digital.library.pitt.edu/islandora/object/pitt:31735066266390,Owner: 陳朝朋 [CHEN Chaopeng] -- Place: 福建省連江縣 [Fujian Sheng lianjiang Xian] -- Government,1915,1915,1 item,"Box 2, Folder 102",1,Government,福建省連江縣,Fujian Sheng lianjiang Xian,,,,records (documents),,,1057,陳朝朋,CHEN Chaopeng,,,,,
pitt:31735066266432,83921,https://digital.library.pitt.edu/islandora/object/pitt:31735066266432,Owner: 黃克動 [HUANG Kedong] -- Place: 福建省林森縣 [Fujian Sheng Linsen Xian] -- Government,1946,1946,1 item,"Box 3, Folder 170",1,Government,福建省林森縣,Fujian Sheng Linsen Xian,,,,records (documents),,,1057,黃克動,HUANG Kedong,,,,,
pitt:31735066266457,83924,https://digital.library.pitt.edu/islandora/object/pitt:31735066266457,Seller: 林忠 [LIN Zhong] and 林榮[LIN Rong]-- Buyer: 賴榮松 [LAI Rongsong] -- Place: Unknown -- Personal,1841,1841,1 item,"Box 1, Folder 29",1,Personal,Unknown,,,,,records (documents),,,1057,,,,林忠,LIN Zhong] and 林榮[LIN Rong,賴榮松,LAI Rongsong
pitt:31735066266481,83927,https://digital.library.pitt.edu/islandora/object/pitt:31735066266481,Owner: 黃生官 [HUANG Shengguan] -- Place: 福建省林森縣 [Fujian Sheng Linsen Xian] -- Government,1945,1945,1 item,"Box 3, Folder 168",1,Government,福建省林森縣,Fujian Sheng Linsen Xian,,,,records (documents),,,1057,黃生官,HUANG Shengguan,,,,,
pitt:31735066266523,83931,https://digital.library.pitt.edu/islandora/object/pitt:31735066266523,Seller: 邱有本 [QIU Youben] 邱有炳 [QIU Youbing] and 邱傳學 [QIU Chuanxue] -- Place: 福建省閩清縣 [Fujian Sheng Minqing Xian] -- Personal,1802,1802,1 item,"Box 1, Folder 12",1,Personal,福建省閩清縣,Fujian Sheng Minqing Xian,,,,records (documents),,,1057,,,,邱有本,QIU Youben] 邱有炳 [QIU Youbing] and 邱傳學 [QIU Chuanxue,,
pitt:31735066266556,83934,https://digital.library.pitt.edu/islandora/object/pitt:31735066266556,Seller: 劉孝良 [LIU Xiaoliang] -- Buyer: 林高滿 [LIN Gaoman] -- Place: 福建省閩清縣 [Fujian Sheng Minqing Xian] -- Government,1840/1937,1840/1937,1 item,"Box 1, Folder 28",2,Government,福建省閩清縣,Fujian Sheng Minqing Xian,,,,records (documents),,,1057,,,,劉孝良,LIU Xiaoliang,林高滿,LIN Gaoman
pitt:31735066266580,83937,https://digital.library.pitt.edu/islandora/object/pitt:31735066266580,Seller: 陳國遠（立票人） [CHENG Guoyuan] -- Buyer: 葉宜全（保票人） [YE Yiquan] -- Personal,1829,1829,1 item,"Box 1, Folder 21",1,Personal,,,,,,records (documents),,,1057,,,,陳國遠（立票人）,CHENG Guoyuan,葉宜全（保票人）,YE Yiquan
pitt:31735066266614,83941,https://digital.library.pitt.edu/islandora/object/pitt:31735066266614,Seller: 昌宜 [Changyi] -- Buyer: 咸宜 [Xianyi] -- Place: 福建省（清源縣?） [Fujian Sheng (Qingyuan Xian?)] -- Personal,,,1 item,"Box 3, Folder 133",1,Personal,福建省（清源縣?）,Fujian Sheng (Qingyuan Xian?),,,,records (documents),,,1057,,,,昌宜,Changyi,咸宜,Xianyi
pitt:31735066266648,83944,https://digital.library.pitt.edu/islandora/object/pitt:31735066266648,Seller: 康宗瑞 [KANG Zongrui] -- Buyer: 陳連孫 [CHEN Liansun] -- Personal,1879,1879,1 item,"Box 2, Folder 56",1,Personal,,,,,,records (documents),,,1057,,,,康宗瑞,KANG Zongrui,陳連孫,CHEN Liansun
pitt:31735066266671,83947,https://digital.library.pitt.edu/islandora/object/pitt:31735066266671,Seller: 陳欽隆 [CHEN Qinlong] -- Buyer: 陳欽瑞 [CHEN Qinrui] -- Place: 福建省 [Fujian Sheng] -- Personal,1936,1936,1 item,"Box 3, Folder 156",1,Personal,福建省,Fujian Sheng,,,,records (documents),,,1057,,,,陳欽隆,CHEN Qinlong,陳欽瑞,CHEN Qinrui
pitt:31735066266713,83951,https://digital.library.pitt.edu/islandora/object/pitt:31735066266713,Owner: 黃乞容 [HUANG Qirong] -- Place: 福建省永泰縣 [Fujian Sheng Yongtai Xian] -- Government,1928,1928,1 item,"Box 3, Folder 136",1,Government,福建省永泰縣,Fujian Sheng Yongtai Xian,,,,records (documents),,,1057,黃乞容,HUANG Qirong,,,,,
pitt:31735066266762,83957,https://digital.library.pitt.edu/islandora/object/pitt:31735066266762,Owner: 劉德桂 [LIU Degui] 劉德輝 [LIU Dehui] 劉如慶 [LIU Ruqing] and 劉景星 [LIU Jingxing] -- Place: 福建省建陽縣 [Fujian Sheng Jianyang Xian] -- Government,1935,1935,1 item,"Box 3, Folder 152",1,Government,福建省建陽縣,Fujian Sheng Jianyang Xian,,,,records (documents),,,1057,劉德桂,LIU Degui] 劉德輝 [LIU Dehui] 劉如慶 [LIU Ruqing] and 劉景星 [LIU Jingxing,,,,,
pitt:31735066267448,83961,https://digital.library.pitt.edu/islandora/object/pitt:31735066267448,Seller: 黃志林 [HUANG Zhilin] -- Buyer: 劉子珜 [LIU Ziyang] -- Personal,,,1 item,"Box 1, Folder 38",1,Personal,,,,,,records (documents),,,1057,,,,黃志林,HUANG Zhilin,劉子珜,LIU Ziyang
pitt:31735066267471,83964,https://digital.library.pitt.edu/islandora/object/pitt:31735066267471,Seller: 劉欽達(違) [LIU Qinda(wei)] -- Buyer: 劉王建 [LIU Wangjian] -- Place: 福建省建陽縣 [Fujian Sheng Jianyang Xian] --Government,1813,1813,1 item,"Box 1, Folder 18",1,Government,福建省建陽縣,Fujian Sheng Jianyang Xian,,,,records (documents),,,1057,,,,劉欽達(違),LIU Qinda(wei),劉王建,LIU Wangjian
pitt:31735066267505,83967,https://digital.library.pitt.edu/islandora/object/pitt:31735066267505,Seller: 林清 [LIN Qing] -- Buyer: 陳蕃薯 [CHEN Fanshu] -- Place: 福建省東山縣 [Fujian Sheng Dongshan Xian] -- Government,1954,1954,1 item,"Box 4, Folder 209",4,Government,福建省東山縣,Fujian Sheng Dongshan Xian,,,,records (documents),,,1057,,,,林清,LIN Qing,陳蕃薯,CHEN Fanshu
pitt:31735066267539,83971,https://digital.library.pitt.edu/islandora/object/pitt:31735066267539,Seller: 陳佃 [CHEN Dian] -- Buyer: 施至尚 [SHI Zhishan] -- Place: 福建省晉江縣 [Fujian Sheng Jinjiang Xian] -- Government,1953,1953,1 item,"Box 4, Folder 208",4,Government,福建省晉江縣,Fujian Sheng Jinjiang Xian,,,,records (documents),,,1057,,,,陳佃,CHEN Dian,施至尚,SHI Zhishan
pitt:31735066267562,83974,https://digital.library.pitt.edu/islandora/object/pitt:31735066267562,Seller: 陳佃 [CHEN Dian] -- Buyer: 施至尚 [SHI Zhishang] -- Place: 福建省晉江縣 [Fujian Sheng Jinjiang Xian] -- Government,1953,1953,1 item,"Box 4, Folder 205",3,Government,福建省晉江縣,Fujian Sheng Jinjiang Xian,,,,records (documents),,,1057,,,,陳佃,CHEN Dian,施至尚,SHI Zhishang
pitt:31735066267596,83977,https://digital.library.pitt.edu/islandora/object/pitt:31735066267596,Seller: 金輯和 [JIN Jihe] -- Buyer: 金信江 [JIN Xinjiang] -- Place: 福建省永泰縣 [Fujian Sheng Yongtai Xian] -- Government,1925/1943,1925/1943,1 item,"Box 3, Folder 125",3,Government,福建省永泰縣,Fujian Sheng Yongtai Xian,,,,records (documents),,,1057,,,,金輯和,JIN Jihe,金信江,JIN Xinjiang
pitt:31735066267638,83981,https://digital.library.pitt.edu/islandora/object/pitt:31735066267638,Seller: 陳燦祥 [CHEN Canxiang] -- Buyer: 吳右嚴？ [WU Youyan?] -- Place: 福建省閩邑 [Fujian Sheng Min Xian] -- Government,,,1 item,"Box 2, Folder 106",1,Government,福建省閩邑,Fujian Sheng Min Xian,,,,records (documents),,,1057,,,,陳燦祥,CHEN Canxiang,吳右嚴？,WU Youyan?
pitt:31735066267661,83984,https://digital.library.pitt.edu/islandora/object/pitt:31735066267661,Owner: 藍福良 [LAN Fuliang] -- Place: 四川省榮縣 [Sichuan Sheng Rong Xian] -- Government,1953,1953,1 item,"Box 4, Folder 207",1,Government,四川省榮縣,Sichuan Sheng Rong Xian,,,,records (documents),,,1057,藍福良,LAN Fuliang,,,,,
pitt:31735066267687,83987,https://digital.library.pitt.edu/islandora/object/pitt:31735066267687,Seller: 王志撥？ [WANG Zhibo] -- Buyer: 陳 [CHEN] -- Personal,,,1 item,"Box 1, Folder 20",1,Personal,,,,,,records (documents),,,1057,,,,王志撥？,WANG Zhibo,陳,CHEN
pitt:31735066267729,83991,https://digital.library.pitt.edu/islandora/object/pitt:31735066267729,Seller: 徐正耀 [XU Zhengyao] -- Place: unknown -- Government,1678,1678,1 item,"Box 1, Folder 3",1,Government,unknown,,,,,records (documents),,,1057,,,,徐正耀,XU Zhengyao,,
pitt:31735066267752,83994,https://digital.library.pitt.edu/islandora/object/pitt:31735066267752,Seller: 孫宗馨 [SUN Zongxin ] -- Place: 福建省東山縣 [Fujian Sheng Dongshan Xian] -- Government,1952,1952,1 item,"Box 4, Folder 199",2,Government,福建省東山縣,Fujian Sheng Dongshan Xian,,,,records (documents),,,1057,,,,孫宗馨,SUN Zongxin,,
pitt:31735066267786,83997,https://digital.library.pitt.edu/islandora/object/pitt:31735066267786,Owner: 張炳財 [ZHANG Bingcai] -- Place: 福建省連城縣 [Fujian Sheng Liancheng Xian] -- Personal,1584,1584,1 item,"Box 1, Folder 1",1,Personal,福建省連城縣,Fujian Sheng Liancheng Xian,,,,records (documents),,,1057,張炳財,ZHANG Bingcai,,,,,
pitt:31735066267844,84004,https://digital.library.pitt.edu/islandora/object/pitt:31735066267844,Seller: 可翅 [KE Chi] -- Place: unknown --Personal,1782,1782,1 item,"Box 1, Folder 10",1,Personal,unknown,,,,,records (documents),,,1057,,,,可翅,KE Chi,,
pitt:31735066267877,84007,https://digital.library.pitt.edu/islandora/object/pitt:31735066267877,Owner: 黃生官 [HUANG Shengguan] -- Place: 福建省閩侯縣 [Fujian Sheng Minhou Xian] -- Government,1951,1951,1 item,"Box 4, Folder 195",1,Government,福建省閩侯縣,Fujian Sheng Minhou Xian,,,,records (documents),,,1057,黃生官,HUANG Shengguan,,,,,
pitt:31735066267919,84011,https://digital.library.pitt.edu/islandora/object/pitt:31735066267919,Owner: 陳必泉 [CHEN Biquan] -- Place: 福建省閩侯縣 [Fujian Sheng Minhou Xian] -- Government,1913,1913,1 item,"Box 2, Folder 99",1,Government,福建省閩侯縣,Fujian Sheng Minhou Xian,,,,records (documents),,,1057,陳必泉,CHEN Biquan,,,,,
pitt:31735066268040,84019,https://digital.library.pitt.edu/islandora/object/pitt:31735066268040,Owner: 阮承苑 [RUAN Chengyuan] --Seller: 黃象智 [HUANG Xiangzhi] and 劉貞文[LIU Zhenwen] -- Buyer: 劉貞文 [ LIU Zhenwen] and 陸元盛 [LU Yuansheng]-- Place: 福建省古田縣 [Fujian Sheng Gutian Xian] -- Government,1869/1899,1869/1899,1 item,"Box 1, Folder 47",3,Government,福建省古田縣,Fujian Sheng Gutian Xian,,,,records (documents),,,1057,阮承苑,RUAN Chengyuan,,黃象智,HUANG Xiangzhi] and 劉貞文[LIU Zhenwen,劉貞文,LIU Zhenwen] and 陸元盛 [LU Yuansheng
pitt:31735068223258,84020,https://digital.library.pitt.edu/islandora/object/pitt:31735068223258,Seller: 游振梅 [pin yin] -- Buyer: 楊坤貞 [pin yin] -- Place: 福建省閩縣 [Fujian Sheng Min Xian] -- Personal,1850/1923,1850/1923,1 item,"Box 1, Folder 33A",1,Personal,福建省閩縣,Fujian Sheng Min Xian,,,,records (documents),,,1057,,,,游振梅,pin yin,楊坤貞,pin yin
pitt:31735068223308,84023,https://digital.library.pitt.edu/islandora/object/pitt:31735068223308,Seller: 張銓銓 [ZHANG Quanquan] -- Buyer: 鄒道明 [ZOU Daoming] -- Place: 福建省閩縣 [Fujian Sheng Min Xian] -- Personal,1889/1897,1889/1897,1 item,"Box 2, Folder 70B",1,Personal,福建省閩縣,Fujian Sheng Min Xian,,,,records (documents),,,1057,,,,張銓銓,ZHANG Quanquan,鄒道明,ZOU Daoming
pitt:31735068223332,84026,https://digital.library.pitt.edu/islandora/object/pitt:31735068223332,Seller: 郭宗仲 [GUO Zongzhong] -- Buyer: 王齊發 [WANG Qifa] -- Place: 福建閩侯縣 [Fujian Sheng Minhou Xian] -- Personal,1906/1921,1906/1921,1 item,"Box 2, Folder 88B",1,Personal,福建閩侯縣,Fujian Sheng Minhou Xian,,,,records (documents),,,1057,,,,郭宗仲,GUO Zongzhong,王齊發,WANG Qifa
pitt:31735068223373,84029,https://digital.library.pitt.edu/islandora/object/pitt:31735068223373,Seller: 陳吳氏 [CHEN Wushi] -- Buyer: 吳右岩 [WU Youyan] -- Place: 福建省閩侯縣 [Fujian Sheng Minhou Xian] -- Personal,1918/1932,1918/1932,1 item,"Box 2, Folder 108A",2,Personal,福建省閩侯縣,Fujian Sheng Minhou Xian,,,,records (documents),,,1057,,,,陳吳氏,CHEN Wushi,吳右岩,WU Youyan
pitt:31735068223381,84030,https://digital.library.pitt.edu/islandora/object/pitt:31735068223381,Seller: 聖余 [SHENG Yu] -- Buyer: 西房眾 [Xi Fang Zhong] -- Place: 福建省永泰縣 [Fujian Sheng Yongtai Xian] -- Personal,1923/1930,1923/1930,1 item,"Box 3, Folder 118A",2,Personal,福建省永泰縣,Fujian Sheng Yongtai Xian,,,,records (documents),,,1057,,,,聖余,SHENG Yu,西房眾,Xi Fang Zhong
pitt:31735068223407,84033,https://digital.library.pitt.edu/islandora/object/pitt:31735068223407,Seller: 陳兆濤 [CHEN Zhaotao] -- Buyer: 陳兆和 [CHEN Zhaohe] -- Place: 福建省永泰縣 [Fujian Sheng Yongtai Xian] -- Government,1927,1927,1 item,"Box 3, Folder 131A",1,Government,福建省永泰縣,Fujian Sheng Yongtai Xian,,,,records (documents),,,1057,,,,陳兆濤,CHEN Zhaotao,陳兆和,CHEN Zhaohe
pitt:31735068223431,84036,https://digital.library.pitt.edu/islandora/object/pitt:31735068223431,Seller: 陳宿康 [CHEN Sukang] -- Buyer: 陳桂修 [CHEN Guixiu] -- Place: 福建省閩侯縣 [Fujian Sheng Minhou Xian] -- Government,1929/1935,1929/1935,1 item,"Box 3, Folder 140C",2,Government,福建省閩侯縣,Fujian Sheng Minhou Xian,,,,records (documents),,,1057,,,,陳宿康,CHEN Sukang,陳桂修,CHEN Guixiu
pitt:31735068223464,84039,https://digital.library.pitt.edu/islandora/object/pitt:31735068223464,Owner: 余挹岩 [YU Yiyan] -- Place: 上海市 [Shanghai Shi] -- Property Charity bazaar letter,1948,1948,1 item,"Box 4, Folder 188A",3,Property Charity bazaar letter,上海市,Shanghai Shi,,,,records (documents),,,1057,余挹岩,YU Yiyan,,,,,
pitt:31735068223472,84040,https://digital.library.pitt.edu/islandora/object/pitt:31735068223472,Seller: 王細細弟 [Younger brother of WANG Xixi] -- Buyer: 王炳凱 [WANG Bingkai] -- Place: 福建省閩侯縣 [Fujian Sheng Minhou Xian] -- Personal,1951,1951,1 item,"Box 4, Folder 195A",1,Personal,福建省閩侯縣,Fujian Sheng Minhou Xian,,,,records (documents),,,1057,,,,王細細弟,Younger brother of WANG Xixi,王炳凱,WANG Bingkai
pitt:31735066267976,84015,https://digital.library.pitt.edu/islandora/object/pitt:31735066267976,Owner: 義容 [Yirong] -- Place: unknown -- Personal,1837,1837,1 item,"Box 1, Folder 24-1",11,Personal,unknown,,,,,records (documents),,,1057,義容,Yirong,,,,,
pitt:31735066268032,84018,https://digital.library.pitt.edu/islandora/object/pitt:31735066268032,Place: 福建省閩侯縣 [Fujian Sheng Minhou Xian],,,1 item,"Box 4, Folder 214",1,,福建省閩侯縣,Fujian Sheng Minhou Xian,,,,records (documents),,,1057,,,,,,,
pitt:31735068223290,84022,https://digital.library.pitt.edu/islandora/object/pitt:31735068223290,Seller: 高金亮 [GAO Jinliang] --Buyer: 林 [LIN] -- Place: 福建省閩縣 [Fujian Sheng Min Xian] -- Personal,1889/1890,1889/1890,1 item,"Box 2, Folder 70A",1,Personal,福建省閩縣,Fujian Sheng Min Xian,,,,records (documents),,,1057,,,,高金亮,GAO Jinliang,林,LIN
pitt:31735066267943,84014,https://digital.library.pitt.edu/islandora/object/pitt:31735066267943,Seller: 陳敬侯 [CHEN Jinghou] -- Buyer: 子秀 [ZI Xiu] -- Place: 福建省古田縣 [Fujian Sheng Gutian Xian] -- Government,1924,1924,1 item,"Box 3, Folder 121",1,Government,福建省古田縣,Fujian Sheng Gutian Xian,,,,records (documents),,,1057,,,,陳敬侯,CHEN Jinghou,子秀,ZI Xiu
pitt:31735066268024,84017,https://digital.library.pitt.edu/islandora/object/pitt:31735066268024,Owner: 楊世平 [YANG Shiping] and 陳道祥 [CHEN Daoxiang] -- Place: 福建省順昌縣 [Fujian Sheng Shunchang Xian] -- Government,1978,1978,1 item,"Box 4, Folder 210",1,Government,福建省順昌縣,Fujian Sheng Shunchang Xian,,,,records (documents),,,1057,楊世平,YANG Shiping] and 陳道祥 [CHEN Daoxiang,,,,,
pitt:31735068223266,84021,https://digital.library.pitt.edu/islandora/object/pitt:31735068223266,Seller: 吳開揚 [WU Kaiyang] -- Buyer: 陳世旺 [CHEN Shiwang] -- Place: 福建省閩縣 [Fujian Sheng Min Xian] -- Government,1864,1864,1 item,"Box 1, Folder 39A",1,Government,福建省閩縣,Fujian Sheng Min Xian,,,,records (documents),,,1057,,,,吳開揚,WU Kaiyang,陳世旺,CHEN Shiwang
pitt:31735068223316,84024,https://digital.library.pitt.edu/islandora/object/pitt:31735068223316,Seller: 鄒允春 [ZOU Yunchun] -- Buyer: 秋意軒老人會 [Qiuyixuan Laoren Hui] -- Place: N/A -- Personal,1900,1900,1 item,"Box 2, Folder 83A",1,Personal,N/A,,,,,records (documents),,,1057,,,,鄒允春,ZOU Yunchun,秋意軒老人會,Qiuyixuan Laoren Hui
pitt:31735068223357,84027,https://digital.library.pitt.edu/islandora/object/pitt:31735068223357,Seller: 方兆揚 [FANG Zhaoyang] -- Buyer: 方亨猷 [FANG Hengyou] -- Place: 福建閩侯縣 [Fujian Sheng Minhou Xian] -- Personal,1910/1915,1910/1915,1 item,"Box 2, Folder 93A",1,Personal,福建閩侯縣,Fujian Sheng Minhou Xian,,,,records (documents),,,1057,,,,方兆揚,FANG Zhaoyang,方亨猷,FANG Hengyou
pitt:31735068223399,84031,https://digital.library.pitt.edu/islandora/object/pitt:31735068223399,Seller: 王三妹 [WANG Sanmei] -- Buyer: 陳軍漢 [CHEN Junhan] -- Place: 福建聲閩侯縣 [Fujian Sheng Minhou Xian] -- Government,1924/1928,1924/1928,1 item,"Box 3, Folder 119A",2,Government,福建聲閩侯縣,Fujian Sheng Minhou Xian,,,,records (documents),,,1057,,,,王三妹,WANG Sanmei,陳軍漢,CHEN Junhan
pitt:31735068223415,84034,https://digital.library.pitt.edu/islandora/object/pitt:31735068223415,Seller: 程道魯 [CHENG Daolu] -- Buyer: 程楊春 [CHENG Yangchun] -- Place: 福建省閩侯縣 [Fujian Sheng Minhou Xian] -- Government,1929,1929,1 item,"Box 3, Folder 140A",1,Government,福建省閩侯縣,Fujian Sheng Minhou Xian,,,,records (documents),,,1057,,,,程道魯,CHENG Daolu,程楊春,CHENG Yangchun
pitt:31735068223449,84037,https://digital.library.pitt.edu/islandora/object/pitt:31735068223449,Seller: 陳聖榜 [CHEN Shengbang] -- Buyer: 陳桂修 [CHEN Guixiu] -- Place: 福建省閩侯縣 [Fujian Sheng Minhou Xian] -- Personal,1932/1935,1932/1935,1 item,"Box 3, Folder 147A",2,Personal,福建省閩侯縣,Fujian Sheng Minhou Xian,,,,records (documents),,,1057,,,,陳聖榜,CHEN Shengbang,陳桂修,CHEN Guixiu
pitt:31735066237664,83878,https://digital.library.pitt.edu/islandora/object/pitt:31735066237664,Owner: 黃同德 [HUANG Tongde] -- Place: 福建省永泰縣 [Fujian Sheng Yongtai Xian] -- Government,1924/1926,1924/1926,1 item,"Box 3, Folder 122",2,Government,福建省永泰縣,Fujian Sheng Yongtai Xian,,,,records (documents),,,1057,黃同德,HUANG Tongde,,,,,
pitt:31735066237706,83882,https://digital.library.pitt.edu/islandora/object/pitt:31735066237706,Seller: 陳欽隆 [CHEN Qinlong] -- Buyer: 陳欽瑞 [CHEN Qinrui] -- Place: 福建省 [Fujian Sheng] -- Personal,1936,1936,1 item,"Box 3, Folder 159",1,Personal,福建省,Fujian Sheng,,,,records (documents),,,1057,,,,陳欽隆,CHEN Qinlong,陳欽瑞,CHEN Qinrui
pitt:31735066237730,83885,https://digital.library.pitt.edu/islandora/object/pitt:31735066237730,Seller: 劉嘉命 [LIU Jiaming] -- Buyer: 劉源森 [LIU Yuansen] -- Place: 福建省建陽縣 [Fujian Sheng Jianyang Xian] -- Government,1910,1910,1 item,"Box 2, Folder 92",1,Government,福建省建陽縣,Fujian Sheng Jianyang Xian,,,,records (documents),,,1057,,,,劉嘉命,LIU Jiaming,劉源森,LIU Yuansen
pitt:31735066237763,83888,https://digital.library.pitt.edu/islandora/object/pitt:31735066237763,Owner: 吳修晟 [WU Xiusheng] -- Place: 福建省晉江縣 [Fujian Sheng Jinjiang Xian] -- Government,1937,1937,1 item,"Box 3, Folder 160",1,Government,福建省晉江縣,Fujian Sheng Jinjiang Xian,,,,records (documents),,,1057,吳修晟,WU Xiusheng,,,,,
pitt:31735066266184,83895,https://digital.library.pitt.edu/islandora/object/pitt:31735066266184,Owner: 林修枝 [LIN Xiuzhi] -- Place: 福建省林森縣 [Fujian Sheng Linsen Xianen] -- Government,1947,1947,1 item,"Box 4, Folder 178",1,Government,福建省林森縣,Fujian Sheng Linsen Xianen,,,,records (documents),,,1057,林修枝,LIN Xiuzhi,,,,,
pitt:31735066266218,83898,https://digital.library.pitt.edu/islandora/object/pitt:31735066266218,Owner: 林修枝 [LIN Xiuzhi] -- Place: 福建省林森縣 [Fujian Sheng Linsen Xian] -- Government,1947,1947,1 item,"Box 4, Folder 181",1,Government,福建省林森縣,Fujian Sheng Linsen Xian,,,,records (documents),,,1057,林修枝,LIN Xiuzhi,,,,,
pitt:31735066266259,83902,https://digital.library.pitt.edu/islandora/object/pitt:31735066266259,Owner: 林氏 [LIN Shi] -- Personal,1840,1840,1 item,"Box 1, Folder 26",1,Personal,,,,,,records (documents),,,1057,林氏,LIN Shi,,,,,
pitt:31735066266283,83905,https://digital.library.pitt.edu/islandora/object/pitt:31735066266283,Seller: 林宜新 [LIN Yixin] -- Buyer: 林久樹 [LIN Jiushu] -- Place: 福建省閩侯縣 [Fujian Sheng Minhou Xian] -- Government,1915,1915,1 item,"Box 2, Folder 101",1,Government,福建省閩侯縣,Fujian Sheng Minhou Xian,,,,records (documents),,,1057,,,,林宜新,LIN Yixin,林久樹,LIN Jiushu
pitt:31735066266341,83912,https://digital.library.pitt.edu/islandora/object/pitt:31735066266341,Buyer: 錆啇百壽協廳軒 [Qiangdi Baishouxietingxuan] -- Place: 福建省 [Fujian Sheng] -- Government,1928,1928,1 item,"Box 3, Folder 134",1,Government,福建省,Fujian Sheng,,,,records (documents),,,1057,,,,,,錆啇百壽協廳軒,Qiangdi Baishouxietingxuan
pitt:31735066266374,83915,https://digital.library.pitt.edu/islandora/object/pitt:31735066266374,Seller: 林厚成 [LIN Houcheng] and 林厚祿 [Lin Houlu] and 林厚祥 [Lin Houxiang] -- Buyer: 葉成 [YE Cheng] -- Place: 福建省侯官縣 [Fujian Sheng Houguan Xian] -- Personal,1844/1845,1844/1845,1 item,"Box 1, Folder 31",2,Personal,福建省侯官縣,Fujian Sheng Houguan Xian,,,,records (documents),,,1057,,,,林厚成,LIN Houcheng] and 林厚祿 [Lin Houlu] and 林厚祥 [Lin Houxiang,葉成,YE Cheng
pitt:31735066266408,83918,https://digital.library.pitt.edu/islandora/object/pitt:31735066266408,Owner: 陳行典 [CHENG Xingdian] -- Place: 福建省閩清縣 [Fujian Sheng Minqing Xian] -- Personal,1840,1840,1 item,"Box 1, Folder 27",1,Personal,福建省閩清縣,Fujian Sheng Minqing Xian,,,,records (documents),,,1057,陳行典,CHENG Xingdian,,,,,
pitt:31735066266440,83922,https://digital.library.pitt.edu/islandora/object/pitt:31735066266440,Owner: 慎方 [Shenfang] -- Place: 福建省連城縣 [Fujian Sheng Liancheng Xian] -- Government,1827/1850,1827/1850,1 item,"Box 4, Folder 212",1,Government,福建省連城縣,Fujian Sheng Liancheng Xian,,,,records (documents),,,1057,慎方,Shenfang,,,,,
pitt:31735066266465,83925,https://digital.library.pitt.edu/islandora/object/pitt:31735066266465,Seller: 吳秉鑒 [WU Bingjian] -- Buyer: 謝 [XIE] -- Place: 福建省閩縣 [Fujian Sheng Min Xian] -- Government,,,1 item,"Box 4, Folder 213",1,Government,福建省閩縣,Fujian Sheng Min Xian,,,,records (documents),,,1057,,,,吳秉鑒,WU Bingjian,謝,XIE
pitt:31735066266499,83928,https://digital.library.pitt.edu/islandora/object/pitt:31735066266499,Owner: 黃克動 [HUANG Kedong] -- Place: 福建省林森縣 [Fujian Sheng Linsen Xian] -- Government,1946,1946,1 item,"Box 4, Folder 171",1,Government,福建省林森縣,Fujian Sheng Linsen Xian,,,,records (documents),,,1057,黃克動,HUANG Kedong,,,,,
pitt:31735066266531,83932,https://digital.library.pitt.edu/islandora/object/pitt:31735066266531,Seller: 余德光 [YU Deguang] -- Buyer: 林聖魁 [LIN Shengkui] -- Place: 福建省閩清縣 [Fujian Sheng Minqing Xian] -- Government,1913,1913,1 item,"Box 2, Folder 98",1,Government,福建省閩清縣,Fujian Sheng Minqing Xian,,,,records (documents),,,1057,,,,余德光,YU Deguang,林聖魁,LIN Shengkui
pitt:31735066266564,83935,https://digital.library.pitt.edu/islandora/object/pitt:31735066266564,Seller: 黃懷周 [HUANG Huaizhou] -- Buyer: 邵李氏 [Shaolishi] -- Place: 福建省閩侯縣 [Fujian Sheng Minhou Xian] -- Government,1934/1940,1934/1940,1 item,"Box 3, Folder 151",2,Government,福建省閩侯縣,Fujian Sheng Minhou Xian,,,,records (documents),,,1057,,,,黃懷周,HUANG Huaizhou,邵李氏,Shaolishi
pitt:31735066266598,83938,https://digital.library.pitt.edu/islandora/object/pitt:31735066266598,Seller: 林明尊 [LIN Mingzun] -- Buyer: 陳功存 [CHEN Gongcun] -- Place: 福建省上竹林 [Fujian Sheng Shangzhulin] -- Personal,1945,1945,1 item,"Box 3, Folder 169",1,Personal,福建省上竹林,Fujian Sheng Shangzhulin,,,,records (documents),,,1057,,,,林明尊,LIN Mingzun,陳功存,CHEN Gongcun
pitt:31735066266622,83942,https://digital.library.pitt.edu/islandora/object/pitt:31735066266622,Seller: 陳欽隆 [CHEN Qinlong] -- Buyer: 陳欽瑞 [CHEN Qinrui] -- Place: 福建省閩侯縣 [Fujian Sheng Minhou Xian] -- Personal,1936,1936,1 item,"Box 3, Folder 157",1,Personal,福建省閩侯縣,Fujian Sheng Minhou Xian,,,,records (documents),,,1057,,,,陳欽隆,CHEN Qinlong,陳欽瑞,CHEN Qinrui
pitt:31735066266655,83945,https://digital.library.pitt.edu/islandora/object/pitt:31735066266655,Seller: 欽源 [Qinyuan] -- Buyer: 陳欽瑞 [CHEN Qinrui] -- Place: 福建省福清縣 [Fujian Sheng Fuqing Xian] -- Personal,1932,1932,1 item,"Box 3, Folder 147",1,Personal,福建省福清縣,Fujian Sheng Fuqing Xian,,,,records (documents),,,1057,,,,欽源,Qinyuan,陳欽瑞,CHEN Qinrui
pitt:31735066266689,83948,https://digital.library.pitt.edu/islandora/object/pitt:31735066266689,Seller: 朝官 [Chaoguan] -- Buyer: 文鳳 [Wenfeng] -- Place: 福建省 [Fujian Sheng] -- Government,1926,1926,1 item,"Box 3, Folder 126",1,Government,福建省,Fujian Sheng,,,,records (documents),,,1057,,,,朝官,Chaoguan,文鳳,Wenfeng
pitt:31735066266721,83952,https://digital.library.pitt.edu/islandora/object/pitt:31735066266721,Owner: 黃乞容 [HUANG Qirong] -- Place: 福建省永泰縣 [Fujian Sheng Yongtai Xian] -- Government,1931,1931,1 item,"Box 3, Folder 143",1,Government,福建省永泰縣,Fujian Sheng Yongtai Xian,,,,records (documents),,,1057,黃乞容,HUANG Qirong,,,,,
pitt:31735066266747,83955,https://digital.library.pitt.edu/islandora/object/pitt:31735066266747,Owner: 黃同華 [HUANG Tonghua] -- Place: 福建省永泰縣 [Fujian Sheng Yongtai Xian] -- Government,1926,1926,1 item,"Box 3, Folder 127",1,Government,福建省永泰縣,Fujian Sheng Yongtai Xian,,,,records (documents),,,1057,黃同華,HUANG Tonghua,,,,,
pitt:31735066267414,83958,https://digital.library.pitt.edu/islandora/object/pitt:31735066267414,Owner: 李銀山 [LI Yinshan] -- Place: 四川省合川縣 [Sichuan Sheng Hechuan Xian] -- Government,1953,1953,1 item,"Box 4, Folder 202",1,Government,四川省合川縣,Sichuan Sheng Hechuan Xian,,,,records (documents),,,1057,李銀山,LI Yinshan,,,,,
pitt:31735066267455,83962,https://digital.library.pitt.edu/islandora/object/pitt:31735066267455,Owner: 王萃延 [WANG Cuiyan] -- Place: 福建省南安縣 [Fujian Sheng Nan'an Xian] -- Government,1951,1951,1 item,"Box 4, Folder 194",1,Government,福建省南安縣,Fujian Sheng Nan'an Xian,,,,records (documents),,,1057,王萃延,WANG Cuiyan,,,,,
pitt:31735066267489,83965,https://digital.library.pitt.edu/islandora/object/pitt:31735066267489,Seller: 張國光 [ZHANG Guoguang] -- Buyer: 張國寶 [ZHANG Guobao] -- Place: 福建省閩侯縣 [Fujian Sheng Minhou Xian] -- Government,1928/1935,1928/1935,1 item,"Box 3, Folder 132",2,Government,福建省閩侯縣,Fujian Sheng Minhou Xian,,,,records (documents),,,1057,,,,張國光,ZHANG Guoguang,張國寶,ZHANG Guobao
pitt:31735066267513,83968,https://digital.library.pitt.edu/islandora/object/pitt:31735066267513,Seller: 姚望兌 [YAO Wangdui] and 姚望駀 [YAO Wangyou] -- Government,1921,1921,1 item,"Box 3, Folder 116",1,Government,,,,,,records (documents),,,1057,,,,姚望兌,YAO Wangdui] and 姚望駀 [YAO Wangyou,,
pitt:31735066267547,83972,https://digital.library.pitt.edu/islandora/object/pitt:31735066267547,Seller: 黃榮森 [HUANG Rongsen] -- Buyer: 黃煌 [HUANG Huang] -- Place: 福建省東山縣 [Fujian Sheng Dongshan Xian] -- Government,1947/1952,1947/1952,1 item,"Box 4, Folder 188",3,Government,福建省東山縣,Fujian Sheng Dongshan Xian,,,,records (documents),,,1057,,,,黃榮森,HUANG Rongsen,黃煌,HUANG Huang
pitt:31735066267570,83975,https://digital.library.pitt.edu/islandora/object/pitt:31735066267570,Owner: 林親顶 [LIN Qinding] -- Seller: 陳佃 [CHEN Dian] -- Buyer: 施至祥 [SHI Zhixiang] -- Place: 福建省晉江縣 [Fujian Sheng Jinjiang Xian] -- Government,1935/1953,1935/1953,1 item,"Box 3, Folder 155",2,Government,福建省晉江縣,Fujian Sheng Jinjiang Xian,,,,records (documents),,,1057,林親顶,LIN Qinding,,陳佃,CHEN Dian,施至祥,SHI Zhixiang
pitt:31735066267604,83978,https://digital.library.pitt.edu/islandora/object/pitt:31735066267604,Owner: 李文富 [LI Wenfu] -- Place: 雲南省鶴慶縣 [Yunnan Sheng Heqing Xian] -- Government,1953,1953,1 item,"Box 4, Folder 206",1,Government,雲南省鶴慶縣,Yunnan Sheng Heqing Xian,,,,records (documents),,,1057,李文富,LI Wenfu,,,,,
pitt:31735066267646,83982,https://digital.library.pitt.edu/islandora/object/pitt:31735066267646,Seller: 何金盛 [HE Jinsheng] -- Buyer: 何振華 [HE Zhenhua] -- Place: 福建省建陽縣 [Fujian Sheng Jianyang Xian] -- Government,1909,1909,1 item,"Box 2, Folder 89",1,Government,福建省建陽縣,Fujian Sheng Jianyang Xian,,,,records (documents),,,1057,,,,何金盛,HE Jinsheng,何振華,HE Zhenhua
pitt:31735066267695,83988,https://digital.library.pitt.edu/islandora/object/pitt:31735066267695,Owner: 林施裕 [LIN Shiyu] -- Place: 福建省永泰縣 [Fujian Sheng Yongtai Xian] -- Government,1939,1939,1 item,"Box 3, Folder 161",3,Government,福建省永泰縣,Fujian Sheng Yongtai Xian,,,,records (documents),,,1057,林施裕,LIN Shiyu,,,,,
pitt:31735066267737,83992,https://digital.library.pitt.edu/islandora/object/pitt:31735066267737,Seller: 黃奶壽 [HUANG Naishou] -- Personal,1869,1869,1 item,"Box 1, Folder 45",1,Personal,,,,,,records (documents),,,1057,,,,黃奶壽,HUANG Naishou,,
pitt:31735066267760,83995,https://digital.library.pitt.edu/islandora/object/pitt:31735066267760,Seller: 長忠 [Changzhong] -- Place: 福建省閩清縣 [Fujian Sheng Minqing Xian] -- Government,1916,1916,1 item,"Box 2, Folder 104",2,Government,福建省閩清縣,Fujian Sheng Minqing Xian,,,,records (documents),,,1057,,,,長忠,Changzhong,,
pitt:31735066267794,83998,https://digital.library.pitt.edu/islandora/object/pitt:31735066267794,Seller: 劉隹 [LIU Zhui] -- Buyer: 沙延德 [SHA Yande] -- Place: 福建省東山縣 [Fujian Sheng Dongshan Xian] -- Government,1949/1952,1949/1952,1 item,"Box 4, Folder 193",3,Government,福建省東山縣,Fujian Sheng Dongshan Xian,,,,records (documents),,,1057,,,,劉隹,LIU Zhui,沙延德,SHA Yande
pitt:31735066267828,84002,https://digital.library.pitt.edu/islandora/object/pitt:31735066267828,Seller: 王師禮 [WANG Shili] -- Buyer: 許大華 [XU Dahua] -- Place: 福建省閩侯縣 [Fujian Sheng Minhou Xian] -- Government,1886/1913,1886/1913,1 item,"Box 2, Folder 62",2,Government,福建省閩侯縣,Fujian Sheng Minhou Xian,,,,records (documents),,,1057,,,,王師禮,WANG Shili,許大華,XU Dahua
pitt:31735066237672,83879,https://digital.library.pitt.edu/islandora/object/pitt:31735066237672,Owner: 鄭其英 [ZHENG Qiying] and 沈齊 [SHEN Qi] -- Place: 福建省永安县和永福县 [Fujian Sheng Yongan Xian and Yongfu Xian] -- Government,1895/1900,1895/1900,1 item,"Box 2, Folder 79",2,Government,福建省永安县和永福县,Fujian Sheng Yongan Xian and Yongfu Xian,,,,records (documents),,,1057,鄭其英,ZHENG Qiying] and 沈齊 [SHEN Qi,,,,,
pitt:31735066237680,83880,https://digital.library.pitt.edu/islandora/object/pitt:31735066237680,Owner: 黃汝勷 [HUANG Rurang] -- Place: 福建省永泰縣 [Fujian Sheng Yongtai Xian] -- Government,1922,1922,1 item,"Box 3, Folder 117",1,Government,福建省永泰縣,Fujian Sheng Yongtai Xian,,,,records (documents),,,1057,黃汝勷,HUANG Rurang,,,,,
pitt:31735066266168,83893,https://digital.library.pitt.edu/islandora/object/pitt:31735066266168,Owner: 林修枝 [LIN Xiuzhi] -- Place: 福建省林森縣 [Fujian Sheng Linsen Xian] -- Government,1947,1947,1 item,"Box 4, Folder 176",1,Government,福建省林森縣,Fujian Sheng Linsen Xian,,,,records (documents),,,1057,林修枝,LIN Xiuzhi,,,,,
pitt:31735066266192,83896,https://digital.library.pitt.edu/islandora/object/pitt:31735066266192,Owner: 林修枝 [LIN Xiuzhi] -- Place: 福建省林森縣 [Fujian Sheng Linsen Xian] -- Government,1947,1947,1 item,"Box 4, Folder 179",1,Government,福建省林森縣,Fujian Sheng Linsen Xian,,,,records (documents),,,1057,林修枝,LIN Xiuzhi,,,,,
pitt:31735066267851,84005,https://digital.library.pitt.edu/islandora/object/pitt:31735066267851,Seller: 林與清 [LIN Yuqing] -- Place: unknown --Personal,1903,1903,1 item,"Box 2, Folder 84",1,Personal,unknown,,,,,records (documents),,,1057,,,,林與清,LIN Yuqing,,
pitt:31735066266267,83903,https://digital.library.pitt.edu/islandora/object/pitt:31735066266267,Seller: 德詮（僧人） [Dequan] -- Place: 福建省侯官縣 [Fujian Sheng Houguan Xian] -- Government,1866,1866,1 item,"Box 1, Folder 40",1,Government,福建省侯官縣,Fujian Sheng Houguan Xian,,,,records (documents),,,1057,,,,德詮（僧人）,Dequan,,
pitt:31735066266291,83906,https://digital.library.pitt.edu/islandora/object/pitt:31735066266291,Seller: 張寶詨 [ZHANG Baoxiao] -- Buyer: 程長孫 [CHENG Changsun] -- Personal,1890,1890,1 item,"Box 2, Folder 81",1,Personal,,,,,,records (documents),,,1057,,,,張寶詨,ZHANG Baoxiao,程長孫,CHENG Changsun
pitt:31735066267885,84008,https://digital.library.pitt.edu/islandora/object/pitt:31735066267885,Seller: 陳士曾 [CHEN Shizeng] -- Place: unknown -- Government,1858,1858,1 item,"Box 1, Folder 35",1,Government,unknown,,,,,records (documents),,,1057,,,,陳士曾,CHEN Shizeng,,
pitt:31735066266358,83913,https://digital.library.pitt.edu/islandora/object/pitt:31735066266358,Place: 福建省閩侯縣 [Fujian Sheng Minhou Xian] -- Government,1932,1932,1 item,"Box 3, Folder 144",1,Government,福建省閩侯縣,Fujian Sheng Minhou Xian,,,,records (documents),,,1057,,,,,,,
pitt:31735066266382,83916,https://digital.library.pitt.edu/islandora/object/pitt:31735066266382,Seller: 陸元規 [LU Yuangui] -- Buyer: 陸元賜 [LU Yuanci] -- Place: 福建省古田縣 [Fujian Sheng Gutian Xian] -- Government,1888/1913,1888/1913,1 item,"Box 2, Folder 66",2,Government,福建省古田縣,Fujian Sheng Gutian Xian,,,,records (documents),,,1057,,,,陸元規,LU Yuangui,陸元賜,LU Yuanci
pitt:31735066266416,83919,https://digital.library.pitt.edu/islandora/object/pitt:31735066266416,Seller: 陳必清 [CHEN Biqing] -- Buyer: 陳必泉 [CHEN Biquan] -- Place: 福建省閩縣 [Fujian Sheng Min Xian] -- Government,1888,1888,1 item,"Box 2, Folder 68",1,Government,福建省閩縣,Fujian Sheng Min Xian,,,,records (documents),,,1057,,,,陳必清,CHEN Biqing,陳必泉,CHEN Biquan
pitt:31735066266424,83920,https://digital.library.pitt.edu/islandora/object/pitt:31735066266424,Seller: 吳開成 [WU Kaicheng] -- Buyer: 陳 [CHEN] -- Place: 福建省閩縣 [Fujian Sheng Min Xian] -- Government,1873,1873,1 item,"Box 2, Folder 53",1,Government,福建省閩縣,Fujian Sheng Min Xian,,,,records (documents),,,1057,,,,吳開成,WU Kaicheng,陳,CHEN
pitt:31735064607439,83793,https://digital.library.pitt.edu/islandora/object/pitt:31735064607439,Owner: 林枝貴 [LIN Zhigui] -- Place: 福建省古田縣 [Fujian Sheng Gutian Xian] -- Government,1929,1929,1 item,"Box 3, Folder 139",1,Government,福建省古田縣,Fujian Sheng Gutian Xian,,,,records (documents),,,1057,林枝貴,LIN Zhigui,,,,,
pitt:31735064607462,83796,https://digital.library.pitt.edu/islandora/object/pitt:31735064607462,Seller: 高天钏 [GAO Tianchuan] -- Buyer: 郑祚龙 [ZHENG Zuolong] -- Personal,1931,1931,1 item,"Box 3, Folder 142",1,Personal,,,,,,records (documents),,,1057,,,,高天钏,GAO Tianchuan,郑祚龙,ZHENG Zuolong
pitt:31735064607496,83799,https://digital.library.pitt.edu/islandora/object/pitt:31735064607496,Seller: 鄒允春 [ZOU Yunchun] -- Buyer: 和意軒老人會 [Heyixuan Laorenhui] -- Place: 福建省閩邑（縣） [Fujian Sheng Min Xian ] -- Government,1900,1900,1 item,"Box 2, Folder 82",1,Government,福建省閩邑（縣）,Fujian Sheng Min Xian,,,,records (documents),,,1057,,,,鄒允春,ZOU Yunchun,和意軒老人會,Heyixuan Laorenhui
pitt:31735064607520,83803,https://digital.library.pitt.edu/islandora/object/pitt:31735064607520,Seller: 祿中 [Luzhong] -- Place: 福建省永安縣 [Fujian Sheng Yongan Xian] -- Government,1876,1876,1 item,"Box 2, Folder 55",1,Government,福建省永安縣,Fujian Sheng Yongan Xian,,,,records (documents),,,1057,,,,祿中,Luzhong,,
pitt:31735064607553,83806,https://digital.library.pitt.edu/islandora/object/pitt:31735064607553,Seller: 藍維乾 [LAN Weiqian] and 藍維坤 [LAN Weikun] -- Buyer: 吳淮棉 [WU Huaimian] -- Personal,1940,1940,1 item,"Box 3, Folder 162",1,Personal,,,,,,records (documents),,,1057,,,,藍維乾,LAN Weiqian] and 藍維坤 [LAN Weikun,吳淮棉,WU Huaimian
pitt:31735064607587,83809,https://digital.library.pitt.edu/islandora/object/pitt:31735064607587,Seller: 方元慈 [FANG Yuanci] -- Buyer: 方潮濤 [FANG Chaotao] -- Place: 福建省閩侯縣 [Fujian Sheng Minhou Xian] -- Government,1871/1913,1871/1913,1 item,"Box 1, Folder 50",4,Government,福建省閩侯縣,Fujian Sheng Minhou Xian,,,,records (documents),,,1057,,,,方元慈,FANG Yuanci,方潮濤,FANG Chaotao
pitt:31735064607595,83810,https://digital.library.pitt.edu/islandora/object/pitt:31735064607595,Seller: 劉振萬 [LIU Zhenwan] -- Buyer: 劉紀臣 [LIU jichen] -- Place: 福建省閩清縣 [Fujian Sheng Minqing Xian] -- Government,1932,1932,1 item,"Box 3, Folder 145",2,Government,福建省閩清縣,Fujian Sheng Minqing Xian,,,,records (documents),,,1057,,,,劉振萬,LIU Zhenwan,劉紀臣,LIU jichen
pitt:31735064607629,83813,https://digital.library.pitt.edu/islandora/object/pitt:31735064607629,Seller: 蘇章林 [SU Zhanglin] -- Buyer: 劉仕懋 [LIU Shimao] -- Personal,1898,1898,1 item,"Box 2, Folder 80",1,Personal,,,,,,records (documents),,,1057,,,,蘇章林,SU Zhanglin,劉仕懋,LIU Shimao
pitt:31735064607645,83816,https://digital.library.pitt.edu/islandora/object/pitt:31735064607645,Owner: 林萬開 [LIN Wankai] -- Personal,1891,1891,1 item,"Box 2, Folder 74",10,Personal,,,,,,records (documents),,,1057,林萬開,LIN Wankai,,,,,
pitt:31735064607678,83819,https://digital.library.pitt.edu/islandora/object/pitt:31735064607678,Seller: 應梓龍 [YING Zilong] -- Buyer: 劉繼伍 [LIU Jiwu] -- Place: 福建省建陽縣 [Fujian Sheng Jianyang Xian] -- Government,1782,1782,1 item,"Box 1, Folder 9",1,Government,福建省建陽縣,Fujian Sheng Jianyang Xian,,,,records (documents),,,1057,,,,應梓龍,YING Zilong,劉繼伍,LIU Jiwu
pitt:31735064607686,83820,https://digital.library.pitt.edu/islandora/object/pitt:31735064607686,Seller: 開保 [Kaibao] -- Government,1910,1910,1 item,"Box 2, Folder 91",1,Government,,,,,,records (documents),,,1057,,,,開保,Kaibao,,
pitt:31735064607710,83823,https://digital.library.pitt.edu/islandora/object/pitt:31735064607710,Owner: 林可昌 [LIN Kechang] and 林可淦 [LIN Kegan] -- Personal,1932,1932,1 item,"Box 3, Folder 146",1,Personal,,,,,,records (documents),,,1057,林可昌,LIN Kechang] and 林可淦 [LIN Kegan,,,,,
pitt:31735064607744,83826,https://digital.library.pitt.edu/islandora/object/pitt:31735064607744,Seller: 王聯鄧 [WANG Liandeng] -- Buyer: 林萬開 [LIN Wankai] -- Place: 福建省閩侯縣 [Fujian Sheng Minhou Xian] -- Government,1913,1913,1 item,"Box 2, Folder 95",1,Government,福建省閩侯縣,Fujian Sheng Minhou Xian,,,,records (documents),,,1057,,,,王聯鄧,WANG Liandeng,林萬開,LIN Wankai
pitt:31735064607777,83829,https://digital.library.pitt.edu/islandora/object/pitt:31735064607777,Seller: 林久興 [LIN Jiuxing] 林可鑒 [LIN Kejian] and 林久澍 [LIN Jiushu]-- Personal,1924,1924,1 item,"Box 3, Folder 120",1,Personal,,,,,,records (documents),,,1057,,,,林久興,LIN Jiuxing] 林可鑒 [LIN Kejian] and 林久澍 [LIN Jiushu,,
pitt:31735064607785,83830,https://digital.library.pitt.edu/islandora/object/pitt:31735064607785,Seller: 林應香 [LIN Yingxiang] -- Buyer: 林萬開 [LIN Wankai] -- Place: 福建省閩侯縣 [Fujian Sheng Minhou Xian] -- Government,1875,1875,1 item,"Box 2, Folder 54",1,Government,福建省閩侯縣,Fujian Sheng Minhou Xian,,,,records (documents),,,1057,,,,林應香,LIN Yingxiang,林萬開,LIN Wankai
pitt:31735064607801,83833,https://digital.library.pitt.edu/islandora/object/pitt:31735064607801,Seller: 林春發 [LIN Chunfa] -- Buyer: 林萬開 [LIN Wankai] -- Place: 福建省閩侯縣 [Fujian Sheng Minhou Xian] -- Government,1881,1881,1 item,"Box 2, Folder 57",1,Government,福建省閩侯縣,Fujian Sheng Minhou Xian,,,,records (documents),,,1057,,,,林春發,LIN Chunfa,林萬開,LIN Wankai
pitt:31735064607835,83836,https://digital.library.pitt.edu/islandora/object/pitt:31735064607835,Seller: 楊鵬超（出租） [YANG Pengchao] -- Buyer: 林 [LIN] -- Place: 福建省侯官縣 [Fujian Sheng Houguan Xian] -- Government,1866/1871,1866/1871,1 item,"Box 1, Folder 42",2,Government,福建省侯官縣,Fujian Sheng Houguan Xian,,,,records (documents),,,1057,,,,楊鵬超（出租）,YANG Pengchao,林,LIN
pitt:31735064607868,83839,https://digital.library.pitt.edu/islandora/object/pitt:31735064607868,Seller: 林世奕 [LIN Shiyi] -- Buyer: 林 [LIN] -- Place: 福建省侯官縣 [Fujian Sheng Houguan Xian] -- Personal,1850,1850,1 item,"Box 1, Folder 33",1,Personal,福建省侯官縣,Fujian Sheng Houguan Xian,,,,records (documents),,,1057,,,,林世奕,LIN Shiyi,林,LIN
pitt:31735064607876,83840,https://digital.library.pitt.edu/islandora/object/pitt:31735064607876,Seller: 林萬開 [LIN Wankai] -- Buyer: 林秋溥 [LIN Qiupu] -- Place: 福建省侯官縣 [Fujian Sheng Houguan Xian] -- Government,1888,1888,1 item,"Box 2, Folder 67",1,Government,福建省侯官縣,Fujian Sheng Houguan Xian,,,,records (documents),,,1057,,,,林萬開,LIN Wankai,林秋溥,LIN Qiupu
pitt:31735066237342,83843,https://digital.library.pitt.edu/islandora/object/pitt:31735066237342,Owner: 張蘭芬 [ZHANG Lanfen] --Seller: 張昌暢 [ZHANG Changchang] -- Buyer: （張）邦昔 [(ZHANG) Bangxi] -- Place: 福建省屏南縣和古田縣 [Fujian Sheng Pingnan Xian and Gutian Xian] -- Government,1870/1907,1870/1907,1 item,"Box 1, Folder 49",2,Government,福建省屏南縣和古田縣,Fujian Sheng Pingnan Xian and Gutian Xian,,,,records (documents),,,1057,張蘭芬,ZHANG Lanfen,,張昌暢,ZHANG Changchang,（張）邦昔,(ZHANG) Bangxi
pitt:31735066237391,83849,https://digital.library.pitt.edu/islandora/object/pitt:31735066237391,Seller: ?輝煌 [? Huihuang] -- Buyer: 蘇坐標 [SU Zuobiao] -- Place: 福建省屏南縣 [Fujian Sheng Pingnan Xian] -- Government,1869,1869,1 item,"Box 1, Folder 46",2,Government,福建省屏南縣,Fujian Sheng Pingnan Xian,,,,records (documents),,,1057,,,,?輝煌,? Huihuang,蘇坐標,SU Zuobiao
pitt:31735066237409,83850,https://digital.library.pitt.edu/islandora/object/pitt:31735066237409,Owner: 羅? [LUO ?] -- Place: 安徽省歙縣 [Anhui Sheng She Xian] -- Government,,,1 item,"Box 1, Folder 17",1,Government,安徽省歙縣,Anhui Sheng She Xian,,,,records (documents),,,1057,羅?,LUO ?,,,,,
pitt:31735066237433,83853,https://digital.library.pitt.edu/islandora/object/pitt:31735066237433,Owner: 盧亨雲 [LU Hengyun] -- Place: 福建省古田縣 [Fujian Sheng Gutian Xian] -- Government,1928,1928,1 item,"Box 3, Folder 137",2,Government,福建省古田縣,Fujian Sheng Gutian Xian,,,,records (documents),,,1057,盧亨雲,LU Hengyun,,,,,
pitt:31735066237466,83856,https://digital.library.pitt.edu/islandora/object/pitt:31735066237466,Seller: 陳如良 [CHEN Ruliang] -- Buyer: （陈？）謀丁 [(CHEN?) Mouding] -- Place: 福建省古田縣 [Fujian Sheng Gutian Xian] -- Government,,,1 item,"Box 3, Folder 153",2,Government,福建省古田縣,Fujian Sheng Gutian Xian,,,,records (documents),,,1057,,,,陳如良,CHEN Ruliang,（陈？）謀丁,(CHEN?) Mouding
pitt:31735066237490,83859,https://digital.library.pitt.edu/islandora/object/pitt:31735066237490,Seller: 郭宗仲 [GUO Zongzhong] -- Buyer: 王齊發 [WANG Qifa] -- Personal,1906,1906,1 item,"Box 2, Folder 88",1,Personal,,,,,,records (documents),,,1057,,,,郭宗仲,GUO Zongzhong,王齊發,WANG Qifa
pitt:31735066237508,83860,https://digital.library.pitt.edu/islandora/object/pitt:31735066237508,Owner: 謝祀初 [XIE Qichu] -- Place: 福建省古田縣 [Fujian Sheng Gutian Xian] -- Government,1921,1921,1 item,"Box 3, Folder 115",1,Government,福建省古田縣,Fujian Sheng Gutian Xian,,,,records (documents),,,1057,謝祀初,XIE Qichu,,,,,
pitt:31735066237524,83863,https://digital.library.pitt.edu/islandora/object/pitt:31735066237524,Owner: 葉克培 [YE Kepei] -- Place: 福建省古田縣 [Fujian Sheng Gutian Xian] -- Government,1933,1933,1 item,"Box 3, Folder 149",1,Government,福建省古田縣,Fujian Sheng Gutian Xian,,,,records (documents),,,1057,葉克培,YE Kepei,,,,,
pitt:31735066237557,83866,https://digital.library.pitt.edu/islandora/object/pitt:31735066237557,Owner: 金寬英 [JIN Kuanying] -- Seller: 張文楚 [ZHANG Wenchu] -- Buyer: 金寬英 [JIN Kuanying] -- Place: 福建省永泰縣 [Fujian Sheng Yongtai Xian] -- Government,1903/1943,1903/1943,1 item,"Box 2, Folder 85",2,Government,福建省永泰縣,Fujian Sheng Yongtai Xian,,,,records (documents),,,1057,金寬英,JIN Kuanying,,張文楚,ZHANG Wenchu,金寬英,JIN Kuanying
pitt:31735066237581,83869,https://digital.library.pitt.edu/islandora/object/pitt:31735066237581,Owner: 黃遠容 [HUANG Yuanrong] 黃同華 [HUANGTonghua] 黃同德 [HUANG Tongde] 黃國興[HUANG Guoxing] and 黃國義[HUANG Guoyi] -- Place: 福建省永泰縣 [Fujian Sheng Yongtai Xian] -- Government,1917/1926,1917/1926,1 item,"Box 2, Folder 107",25,Government,福建省永泰縣,Fujian Sheng Yongtai Xian,,,,records (documents),,,1057,黃遠容,HUANG Yuanrong] 黃同華 [HUANGTonghua] 黃同德 [HUANG Tongde] 黃國興[HUANG Guoxing] and 黃國義[HUANG Guoyi,,,,,
pitt:31735066237599,83870,https://digital.library.pitt.edu/islandora/object/pitt:31735066237599,Owner: 黃乞容等 [HUANG Qirong] etc. -- Place: 福建省永泰縣 [Fujian Sheng Yongtai Xian] -- Government,1923/1930,1923/1930,1 item,"Box 3, Folder 118",8,Government,福建省永泰縣,Fujian Sheng Yongtai Xian,,,,records (documents),,,1057,黃乞容等 [HUANG Qirong] etc.,,,,,,
pitt:31735066237623,83873,https://digital.library.pitt.edu/islandora/object/pitt:31735066237623,Owner: 黃同華 [HUANG Tonghua] -- Place: 福建省永泰縣 [Fujian Sheng Yongtai Xian] -- Government,1920/1926,1920/1926,1 item,"Box 3, Folder 112",5,Government,福建省永泰縣,Fujian Sheng Yongtai Xian,,,,records (documents),,,1057,黃同華,HUANG Tonghua,,,,,
pitt:31735066237656,83876,https://digital.library.pitt.edu/islandora/object/pitt:31735066237656,Owner: 陳雅 [CHEN Ya] 陳道書 [CHEN Daoshu] 陳建璽 [CHEN Jianxi] and 陳成嘉[CHEN Chengjia]-- Place: 福建省閩縣 [Fujian Sheng Min Xian] -- Government,1890/1892,1890/1892,1 item,"Box 2, Folder 73",8,Government,福建省閩縣,Fujian Sheng Min Xian,,,,records (documents),,,1057,陳雅,CHEN Ya] 陳道書 [CHEN Daoshu] 陳建璽 [CHEN Jianxi] and 陳成嘉[CHEN Chengjia,,,,,
pitt:31735064607421,83792,https://digital.library.pitt.edu/islandora/object/pitt:31735064607421,Seller: 張學車 [ZHANG Xueche] -- Buyer: 陳書寶 [CHEN Shubao] and 張學車 [ZHANG Xueche] -- Place: 福建省福清縣 [Fujian Sheng Fuqing Xian] -- Government,1946/1951,1946/1951,1 item,"Box 4, Folder 173",1,Government,福建省福清縣,Fujian Sheng Fuqing Xian,,,,records (documents),,,1057,,,,張學車,ZHANG Xueche,陳書寶,CHEN Shubao] and 張學車 [ZHANG Xueche
pitt:31735064607454,83795,https://digital.library.pitt.edu/islandora/object/pitt:31735064607454,Seller: 张华富 [ZHANG Huafu] -- Personal,1862,1862,1 item,"Box 1, Folder 36",1,Personal,,,,,,records (documents),,,1057,,,,张华富,ZHANG Huafu,,
pitt:31735064607488,83798,https://digital.library.pitt.edu/islandora/object/pitt:31735064607488,Seller: 吳開成 [WU Kaicheng] -- Buyer: 陳氏 [Chenshi] -- Place: 福建省閩邑（縣） [Fujian Sheng Min Xian] -- Government,1890,1890,1 item,"Box 2, Folder 71",1,Government,福建省閩邑（縣）,Fujian Sheng Min Xian,,,,records (documents),,,1057,,,,吳開成,WU Kaicheng,陳氏,Chenshi
pitt:31735064607512,83802,https://digital.library.pitt.edu/islandora/object/pitt:31735064607512,Seller: 王三妹 [WANG Sanmei] -- Buyer: 陳軍漢 [CHEN Junhan] -- Place: 福建省閩侯縣 [Fujian Sheng Minhou Xian] -- Government,1924,1924,1 item,"Box 3, Folder 119",2,Government,福建省閩侯縣,Fujian Sheng Minhou Xian,,,,records (documents),,,1057,,,,王三妹,WANG Sanmei,陳軍漢,CHEN Junhan
pitt:31735064607546,83805,https://digital.library.pitt.edu/islandora/object/pitt:31735064607546,Owner: 黃毓扆 [HUANG Yuyi] -- Place: 福建省閩清縣 [Fujian Sheng Minqing Xian] -- Government,1760/1767,1760/1767,1 item,"Box 1, Folder 4",2,Government,福建省閩清縣,Fujian Sheng Minqing Xian,,,,records (documents),,,1057,黃毓扆,HUANG Yuyi,,,,,
pitt:31735064607579,83808,https://digital.library.pitt.edu/islandora/object/pitt:31735064607579,Owner: 吳秉鑒 [WU Bingjian] -- Seller: 吳秉鑒 [WU Bingjian] -- Buyer: 謝先經 [XIE Xianjing] -- Place: 福建省閩縣 [Fujian Sheng Min Xian] -- Government,1805/1816,1805/1816,1 item,"Box 1, Folder 16",2,Government,福建省閩縣,Fujian Sheng Min Xian,,,,records (documents),,,1057,吳秉鑒,WU Bingjian,,吳秉鑒,WU Bingjian,謝先經,XIE Xianjing
pitt:31735064607611,83812,https://digital.library.pitt.edu/islandora/object/pitt:31735064607611,Seller: 張銓銓 [ZHANG Quanquan] -- Buyer: 鄒道明 [ZOU Daoming] -- Place: 福建省閩侯縣 [Fujian Sheng Minhou Xian] -- Government,1925,1925,1 item,"Box 3, Folder 123",2,Government,福建省閩侯縣,Fujian Sheng Minhou Xian,,,,records (documents),,,1057,,,,張銓銓,ZHANG Quanquan,鄒道明,ZOU Daoming
pitt:31735064607660,83818,https://digital.library.pitt.edu/islandora/object/pitt:31735064607660,Owner: 劉咸安 [LIU Xian'an] -- Place: 福建省建陽縣 [Fujian Sheng Jianyang Xian] -- Government,1805,1805,1 item,"Box 1, Folder 13",1,Government,福建省建陽縣,Fujian Sheng Jianyang Xian,,,,records (documents),,,1057,劉咸安,LIU Xian'an,,,,,
pitt:31735064607702,83822,https://digital.library.pitt.edu/islandora/object/pitt:31735064607702,Seller: 林為良 [LIN Weiliang] -- Buyer: 林可瓊 [LIN Keqiong] -- Place: 福建省閩侯縣 [Fujian Sheng Minhou Xian] -- Government,1906,1906,1 item,"Box 2, Folder 87",1,Government,福建省閩侯縣,Fujian Sheng Minhou Xian,,,,records (documents),,,1057,,,,林為良,LIN Weiliang,林可瓊,LIN Keqiong
pitt:31735064607736,83825,https://digital.library.pitt.edu/islandora/object/pitt:31735064607736,Seller: 林可瓊 [LIN Keqiong] -- Buyer: 劉興國 [LIU Xingguo] -- Place: 福建省閩侯縣 [Fujian Sheng Minhou Xian] -- Government,1913,1913,1 item,"Box 2, Folder 94",1,Government,福建省閩侯縣,Fujian Sheng Minhou Xian,,,,records (documents),,,1057,,,,林可瓊,LIN Keqiong,劉興國,LIU Xingguo
pitt:31735064607769,83828,https://digital.library.pitt.edu/islandora/object/pitt:31735064607769,Seller: 林萬利 [LIN Wanli] -- Buyer: 官方政府 [Government] -- Place: 福建省侯官縣 [Fujian Sheng Houguan Xian] -- Government,1884,1884,1 item,"Box 2, Folder 59",1,Government,福建省侯官縣,Fujian Sheng Houguan Xian,,,,records (documents),,,1057,,,,林萬利,LIN Wanli,官方政府,Government
pitt:31735064607793,83832,https://digital.library.pitt.edu/islandora/object/pitt:31735064607793,Seller: 王兆熙（出租） [WANG Zhaoxi] -- Buyer: 林 [LIN] -- Place: 福建省閩侯縣 [Fujian Sheng Minhou Xian] -- Government,1893,1893,1 item,"Box 2, Folder 76",1,Government,福建省閩侯縣,Fujian Sheng Minhou Xian,,,,records (documents),,,1057,,,,王兆熙（出租）,WANG Zhaoxi,林,LIN
pitt:31735064607827,83835,https://digital.library.pitt.edu/islandora/object/pitt:31735064607827,Seller: 王兆熙 [WANG Zhaoxi] -- Buyer: 林 [LIN] -- Place: 福建省閩侯縣 [Fujian Sheng Minhou Xian] -- Government,1894,1894,1 item,"Box 2, Folder 77",1,Government,福建省閩侯縣,Fujian Sheng Minhou Xian,,,,records (documents),,,1057,,,,王兆熙,WANG Zhaoxi,林,LIN
pitt:31735064607850,83838,https://digital.library.pitt.edu/islandora/object/pitt:31735064607850,Seller: 趙守藻 [ZHAO Shouzao] -- Buyer: 林有柱 [LIN Youzhu] -- Place: 福建省侯官縣 [Fujian Sheng Houguan Xian] -- Government,1817,1817,1 item,"Box 1, Folder 19",1,Government,福建省侯官縣,Fujian Sheng Houguan Xian,,,,records (documents),,,1057,,,,趙守藻,ZHAO Shouzao,林有柱,LIN Youzhu
pitt:31735066237334,83842,https://digital.library.pitt.edu/islandora/object/pitt:31735066237334,Owner: 黃鴻吉 [HUANG Hongji] --Seller: 熊長生 [XIONG Changsheng] -- Buyer: 熊亨讀 [XIONG Hengdu] -- Place: 福建省古田縣 [Fujian Sheng Gutian Xian] -- Government,1784/1830,1784/1830,1 item,"Box 1, Folder 8",2,Government,福建省古田縣,Fujian Sheng Gutian Xian,,,,records (documents),,,1057,黃鴻吉,HUANG Hongji,,熊長生,XIONG Changsheng,熊亨讀,XIONG Hengdu
pitt:31735066237367,83845,https://digital.library.pitt.edu/islandora/object/pitt:31735066237367,Seller: 徐幹通 [XU Gantong] -- Buyer: 熊孫? [XIONG Sun?] -- Place: 福建省南平縣 [Fujian Sheng Nanping Xian] -- Government,1767,1767,1 item,"Box 1, Folder 6",1,Government,福建省南平縣,Fujian Sheng Nanping Xian,,,,records (documents),,,1057,,,,徐幹通,XU Gantong,熊孫?,XIONG Sun?
pitt:31735066237383,83848,https://digital.library.pitt.edu/islandora/object/pitt:31735066237383,Seller: 陳裔煌 [CHEN Yihuang] -- Buyer: 鄭璟 [ZHENG Jing] -- Place: 福建省古田縣 [Fujian Sheng Gutian Xian] -- Government,1872,1872,1 item,"Box 2, Folder 52",1,Government,福建省古田縣,Fujian Sheng Gutian Xian,,,,records (documents),,,1057,,,,陳裔煌,CHEN Yihuang,鄭璟,ZHENG Jing
pitt:31735066237425,83852,https://digital.library.pitt.edu/islandora/object/pitt:31735066237425,Seller: 張氏 [ZHANG] -- Buyer: 林欽祥 [LIN Qinxiang] -- Place: 福建省閩侯縣 [Fujian Sheng Minhou Xian] -- Government,1920,1920,1 item,"Box 2, Folder 109",1,Government,福建省閩侯縣,Fujian Sheng Minhou Xian,,,,records (documents),,,1057,,,,張氏,ZHANG,林欽祥,LIN Qinxiang
pitt:31735066237458,83855,https://digital.library.pitt.edu/islandora/object/pitt:31735066237458,Owner: 洪國慶 [HONG Guoqing] -- Place: 福建省古田縣 [Fujian Sheng Gutian Xian] -- Government,1930,1930,1 item,"Box 3, Folder 141",2,Government,福建省古田縣,Fujian Sheng Gutian Xian,,,,records (documents),,,1057,洪國慶,HONG Guoqing,,,,,
pitt:31735066237482,83858,https://digital.library.pitt.edu/islandora/object/pitt:31735066237482,Owner: 張傳珍 [ZHANG Chuanzhen] -- Place: 福建省屏南縣 [Fujian Sheng Pingnan Xian] -- Government,1913,1913,1 item,"Box 2, Folder 100",1,Government,福建省屏南縣,Fujian Sheng Pingnan Xian,,,,records (documents),,,1057,張傳珍,ZHANG Chuanzhen,,,,,
pitt:31735066237540,83865,https://digital.library.pitt.edu/islandora/object/pitt:31735066237540,Owner: 張道興 [ZHANG Daoxing] -- Seller: 余傳荃 [YU Chuanquan] -- Buyer: 張道興 [ZHANG Daoxing] -- Place: 福建省閩清縣 [Fujian Sheng Minqing Xian] -- Government,1942/1943,1942/1943,1 item,"Box 3, Folder 164",2,Government,福建省閩清縣,Fujian Sheng Minqing Xian,,,,records (documents),,,1057,張道興,ZHANG Daoxing,,余傳荃,YU Chuanquan,張道興,ZHANG Daoxing
pitt:31735066237573,83868,https://digital.library.pitt.edu/islandora/object/pitt:31735066237573,Owner: 王元靄 [WANG Yuanai] --Seller: 林春源 [LIN Chunyuan] -- Buyer: 王元靄 [WANG Yuanai] -- Place: 福建省閩侯縣 [Fujian Sheng Minhou Xian] -- Government,1869/1928,1869/1928,1 item,"Box 1, Folder 48",3,Government,福建省閩侯縣,Fujian Sheng Minhou Xian,,,,records (documents),,,1057,王元靄,WANG Yuanai,,林春源,LIN Chunyuan,王元靄,WANG Yuanai
pitt:31735066237615,83872,https://digital.library.pitt.edu/islandora/object/pitt:31735066237615,Owner: 林仁典等 [LIN Rendian] etc. -- Place: 福建省永泰縣 [Fujian Sheng Yongtai Xian] -- Government,1920/1926,1920/1926,1 item,"Box 3, Folder 111",4,Government,福建省永泰縣,Fujian Sheng Yongtai Xian,,,,records (documents),,,1057,林仁典等 [LIN Rendian] etc.,,,,,,
pitt:31735066237649,83875,https://digital.library.pitt.edu/islandora/object/pitt:31735066237649,Owner: 陳明 [CHEN Ming] -- Place: 福建省閩縣 [Fujian Sheng Min Xian] -- Government,1920/1932,1920/1932,1 item,"Box 3, Folder 113",4,Government,福建省閩縣,Fujian Sheng Min Xian,,,,records (documents),,,1057,陳明,CHEN Ming,,,,,
pitt:31735066237714,83883,https://digital.library.pitt.edu/islandora/object/pitt:31735066237714,Owner: 黃昌聲 [HUANG Changsheng] -- Buyer: 陳智存 [CHEN Zhicun] -- Place: unknown -- Government,1943,1943,1 item,"Box 3, Folder 165",1,Government,unknown,,,,,records (documents),,,1057,黃昌聲,HUANG Changsheng,,,,陳智存,CHEN Zhicun
pitt:31735066237748,83886,https://digital.library.pitt.edu/islandora/object/pitt:31735066237748,Seller: 張國光 [ZHANG Guoguang] -- Buyer: 張國寶 [ZHANG Guobao] -- Place: unknown -- Personal,1928,1928,1 item,"Box 3, Folder 138",1,Personal,unknown,,,,,records (documents),,,1057,,,,張國光,ZHANG Guoguang,張國寶,ZHANG Guobao
pitt:31735066237771,83889,https://digital.library.pitt.edu/islandora/object/pitt:31735066237771,Owner: 黃克動 [HUANG Kedong] and 黃生官 [HUANG Shengguan] -- Place: 福建省林森縣 [Fujian Sheng Linsen Xian] -- Government,1947,1947,1 item,"Box 4, Folder 185",1,Government,福建省林森縣,Fujian Sheng Linsen Xian,,,,records (documents),,,1057,黃克動,HUANG Kedong] and 黃生官 [HUANG Shengguan,,,,,
pitt:31735066266143,83890,https://digital.library.pitt.edu/islandora/object/pitt:31735066266143,Owner: 王鐘鈞 [WANG Zhongjun] -- Place: 福建省林森縣 [Fujian Sheng Linsen Xian] -- Government,1947,1947,1 item,"Box 4, Folder 174",1,Government,福建省林森縣,Fujian Sheng Linsen Xian,,,,records (documents),,,1057,王鐘鈞,WANG Zhongjun,,,,,
pitt:31735066266226,83899,https://digital.library.pitt.edu/islandora/object/pitt:31735066266226,Owner: 林修枝 [LIN Xiuzhi] -- Place: 福建省林森縣 [Fujian Sheng Linsen Xian] -- Government,1947,1947,1 item,"Box 4, Folder 182",1,Government,福建省林森縣,Fujian Sheng Linsen Xian,,,,records (documents),,,1057,林修枝,LIN Xiuzhi,,,,,
pitt:31735066266234,83900,https://digital.library.pitt.edu/islandora/object/pitt:31735066266234,Owner: 林修枝 [LIN Xiuzhi] -- Place: 福建省林森縣 [Fujian Sheng Linsen Xian] -- Government,1947,1947,1 item,"Box 4, Folder 183",1,Government,福建省林森縣,Fujian Sheng Linsen Xian,,,,records (documents),,,1057,林修枝,LIN Xiuzhi,,,,,
pitt:31735066266317,83909,https://digital.library.pitt.edu/islandora/object/pitt:31735066266317,Seller: 程姑仔 [CHENG Guzai] -- Buyer: 金寶 [JIN Bao] -- Personal,1870,1870,1 item,"Box 2, Folder 51",1,Personal,,,,,,records (documents),,,1057,,,,程姑仔,CHENG Guzai,金寶,JIN Bao
pitt:31735066266325,83910,https://digital.library.pitt.edu/islandora/object/pitt:31735066266325,Owner: 賴國才 [LAI Guocai] -- Place: 福建省 [Fujian Sheng] -- Government,1927,1927,1 item,"Box 3, Folder 129",1,Government,福建省,Fujian Sheng,,,,records (documents),,,1057,賴國才,LAI Guocai,,,,,
pitt:31735066267927,84012,https://digital.library.pitt.edu/islandora/object/pitt:31735066267927,Seller: unknown -- Place: 福建省福州市 [Fujian Sheng Fuzhou Shi] -- Government,1949,1949,1 item,"Box 4, Folder 191",1,Government,福建省福州市,Fujian Sheng Fuzhou Shi,,,,records (documents),,,1057,,,,unknown,,,
pitt:31735066266473,83926,https://digital.library.pitt.edu/islandora/object/pitt:31735066266473,Seller: 林邦端 [LIN Bangduan] -- Buyer: 程利欲 [Cheng Liyu] and 程利霖[Cheng Lilin] -- Place: 福建省閩侯縣 [Fujian Sheng Minhou Xian] -- Government,1868/1916,1868/1916,1 item,"Box 1, Folder 44",3,Government,福建省閩侯縣,Fujian Sheng Minhou Xian,,,,records (documents),,,1057,,,,林邦端,LIN Bangduan,程利欲,Cheng Liyu] and 程利霖[Cheng Lilin
pitt:31735066266507,83929,https://digital.library.pitt.edu/islandora/object/pitt:31735066266507,Owner: 黃森官等 [HUANG Senguan etc.] -- Place: 福建省林森縣 [Fujian Sheng Linsen Xian] -- Government,1946,1946,1 item,"Box 4, Folder 172",1,Government,福建省林森縣,Fujian Sheng Linsen Xian,,,,records (documents),,,1057,黃森官等,HUANG Senguan etc.,,,,,
pitt:31735066266515,83930,https://digital.library.pitt.edu/islandora/object/pitt:31735066266515,Seller: 葉國佑 [YE Guoyou] -- Buyer: 紳 [SHEN] -- Place: 福建省古田縣 [Fujian Sheng Gutian Xian] -- Government,1839,1839,1 item,"Box 1, Folder 25",1,Government,福建省古田縣,Fujian Sheng Gutian Xian,,,,records (documents),,,1057,,,,葉國佑,YE Guoyou,紳,SHEN
pitt:31735066266549,83933,https://digital.library.pitt.edu/islandora/object/pitt:31735066266549,Seller: 文鳳 [WEN Feng] -- Place: 福建省閩清縣 [Fujian Sheng Minqing Xian] -- Government,1927/1928,1927/1928,1 item,"Box 3, Folder 131",2,Government,福建省閩清縣,Fujian Sheng Minqing Xian,,,,records (documents),,,1057,,,,文鳳,WEN Feng,,
pitt:31735066266572,83936,https://digital.library.pitt.edu/islandora/object/pitt:31735066266572,Seller: 陳國遠（立票人） [CHENG Guoyuan] -- Buyer: 葉宜全（保票人） [YE Yiquan] -- Personal,1829,1829,1 item,"Box 1, Folder 22",1,Personal,,,,,,records (documents),,,1057,,,,陳國遠（立票人）,CHENG Guoyuan,葉宜全（保票人）,YE Yiquan
pitt:31735066266606,83940,https://digital.library.pitt.edu/islandora/object/pitt:31735066266606,Seller: 道楷 [Daokai] -- Buyer: 咸宜 [Xianyi] -- Place: 福建省(清源縣?) [Fujian Sheng (Qingyuan Xian?)] -- Personal,,,1 item,"Box 3, Folder 135",1,Personal,福建省(清源縣?),Fujian Sheng (Qingyuan Xian?),,,,records (documents),,,1057,,,,道楷,Daokai,咸宜,Xianyi
pitt:31735066266630,83943,https://digital.library.pitt.edu/islandora/object/pitt:31735066266630,Seller: 陳老鳳 [CHEN Laofeng] -- Buyer: 陳玉書 [CHEN Yushu] -- Place: 福建省 [Fujian Sheng] -- Personal,1941,1941,1 item,"Box 3, Folder 163",1,Personal,福建省,Fujian Sheng,,,,records (documents),,,1057,,,,陳老鳳,CHEN Laofeng,陳玉書,CHEN Yushu
pitt:31735066266663,83946,https://digital.library.pitt.edu/islandora/object/pitt:31735066266663,Seller: 陳欽隆 [CHEN Qinlong] -- Buyer: 陳欽瑞 [CHEN Qinrui] -- Place: 福建省 [Fujian Sheng] -- Personal,1936,1936,1 item,"Box 3, Folder 158",1,Personal,福建省,Fujian Sheng,,,,records (documents),,,1057,,,,陳欽隆,CHEN Qinlong,陳欽瑞,CHEN Qinrui
pitt:31735066266697,83949,https://digital.library.pitt.edu/islandora/object/pitt:31735066266697,Seller: 黃丁荃 [HUANG Dingquan] -- Buyer: 黃花?蘭(租客) [HUANG Hua?lan] -- Personal,1927,1927,1 item,"Box 3, Folder 130",1,Personal,,,,,,records (documents),,,1057,,,,黃丁荃,HUANG Dingquan,黃花?蘭(租客),HUANG Hua?lan
pitt:31735066266705,83950,https://digital.library.pitt.edu/islandora/object/pitt:31735066266705,Seller: 黃隆貫 [HUANG Longguan] -- Buyer: 陳國遠代陳國龍 [CHEN Huoyuan represents CHEN Guolong] -- Personal,1805/1808,1805/1808,1 item,"Box 1, Folder 15",3,Personal,,,,,,records (documents),,,1057,,,,黃隆貫,HUANG Longguan,陳國遠代陳國龍,CHEN Huoyuan represents CHEN Guolong
pitt:31735066266739,83953,https://digital.library.pitt.edu/islandora/object/pitt:31735066266739,Owner: 沈齊 [SHEN Qi] -- Place: 福建省永安縣 [Fujian Sheng Yongan Xian] -- Government,1900,1900,1 item,"Box 2, Folder 83",1,Government,福建省永安縣,Fujian Sheng Yongan Xian,,,,records (documents),,,1057,沈齊,SHEN Qi,,,,,
pitt:31735066266754,83956,https://digital.library.pitt.edu/islandora/object/pitt:31735066266754,Owner: 林宗 [LIN Zong] 吳淑珍 [WU Shuzhen] 林涯 [ LIN Ya] and 林貢 [LIN Gong] -- Place: 福建省晉江縣 [Fujian Sheng Jinjiang Xian] -- Government,1952,1952,1 item,"Box 4, Folder 196",1,Government,福建省晉江縣,Fujian Sheng Jinjiang Xian,,,,records (documents),,,1057,林宗,LIN Zong] 吳淑珍 [WU Shuzhen] 林涯 [ LIN Ya] and 林貢 [LIN Gong,,,,,
pitt:31735066267422,83959,https://digital.library.pitt.edu/islandora/object/pitt:31735066267422,Owner: 施性固 [SHI Xinggu] 顏蒜 [YAN Suan] 施能鎖 [SHI Nengsuo] and 施松柏 [SHI Songbai] -- Place: 福建省晉江縣 [Fujian Sheng Jinjiang Xian] -- Government,1952,1952,1 item,"Box 4, Folder 197",1,Government,福建省晉江縣,Fujian Sheng Jinjiang Xian,,,,records (documents),,,1057,施性固,SHI Xinggu] 顏蒜 [YAN Suan] 施能鎖 [SHI Nengsuo] and 施松柏 [SHI Songbai,,,,,
pitt:31735066267430,83960,https://digital.library.pitt.edu/islandora/object/pitt:31735066267430,Seller: 陳佃 [CHEN Dian] -- Buyer: 施至尚 [SHI Zhishang] -- Place: 福建省晉江縣 [Fujian Sheng Jinjiang Xian] -- Government,1953,1953,1 item,"Box 4, Folder 203",3,Government,福建省晉江縣,Fujian Sheng Jinjiang Xian,,,,records (documents),,,1057,,,,陳佃,CHEN Dian,施至尚,SHI Zhishang
pitt:31735066267463,83963,https://digital.library.pitt.edu/islandora/object/pitt:31735066267463,Owner: 黃滑 [HUANG Hua] 黃嚕 [ HUANG Lu] 黃世 [HUANG Shi] and 連芳 [LIAN Fang] -- Place: 福建省南安縣 [Fujian Sheng Nan'an Xian] -- Government,1952,1952,1 item,"Box 4, Folder 200",1,Government,福建省南安縣,Fujian Sheng Nan'an Xian,,,,records (documents),,,1057,黃滑,HUANG Hua] 黃嚕 [ HUANG Lu] 黃世 [HUANG Shi] and 連芳 [LIAN Fang,,,,,
pitt:31735066267497,83966,https://digital.library.pitt.edu/islandora/object/pitt:31735066267497,Seller: 方圍九 [FANG Weijiu] -- Buyer: 林武 [LIN Wu] -- Place: 福建省東山縣 [Fujian Sheng Dongshan Xian] -- Government,1953,1953,1 item,"Box 4, Folder 204",3,Government,福建省東山縣,Fujian Sheng Dongshan Xian,,,,records (documents),,,1057,,,,方圍九,FANG Weijiu,林武,LIN Wu
pitt:31735066267521,83969,https://digital.library.pitt.edu/islandora/object/pitt:31735066267521,Seller: 林述璋 [LIN Shuzhang] -- Buyer: 林學通 [LIN Xuetong] -- Place: 福建省閩侯縣 [Fujian Sheng Minhou Xian] -- Government,1934,1934,1 item,"Box 3, Folder 150",2,Government,福建省閩侯縣,Fujian Sheng Minhou Xian,,,,records (documents),,,1057,,,,林述璋,LIN Shuzhang,林學通,LIN Xuetong
pitt:31735066267554,83973,https://digital.library.pitt.edu/islandora/object/pitt:31735066267554,Seller: 黃炮 [HUANG Pao] -- Buyer: 沈秀清 [SHEN Xiuqing] -- Place: 福建省東山縣 [Fujian Sheng Dongshan Xian] -- Government,1943/1952,1943/1952,1 item,"Box 3, Folder 166",3,Government,福建省東山縣,Fujian Sheng Dongshan Xian,,,,records (documents),,,1057,,,,黃炮,HUANG Pao,沈秀清,SHEN Xiuqing
pitt:31735066267588,83976,https://digital.library.pitt.edu/islandora/object/pitt:31735066267588,Seller: 王昌年 [WANG Changnian] -- Buyer: 李學堃 [LI Xuekun] -- Place: 福建省閩侯縣 [Fujian Sheng Minhou Xian] -- Government,1910/1915,1910/1915,1 item,"Box 2, Folder 93",2,Government,福建省閩侯縣,Fujian Sheng Minhou Xian,,,,records (documents),,,1057,,,,王昌年,WANG Changnian,李學堃,LI Xuekun
pitt:31735066267612,83979,https://digital.library.pitt.edu/islandora/object/pitt:31735066267612,Owner: 李水旺 [LI Shuiwang] 陳連玉 [CHEN Lianyu] 李義妹 [LI Yimei] and 李義草 [LI Yicao] -- Place: 福建邵武縣 [Fujian Sheng Shaowu Xian] -- Government,1952,1952,1 item,"Box 4, Folder 201",1,Government,福建邵武縣,Fujian Sheng Shaowu Xian,,,,records (documents),,,1057,李水旺,LI Shuiwang] 陳連玉 [CHEN Lianyu] 李義妹 [LI Yimei] and 李義草 [LI Yicao,,,,,
pitt:31735066267620,83980,https://digital.library.pitt.edu/islandora/object/pitt:31735066267620,Seller: 黃振發 [HUANG Zhenfa] -- Buyer: 高 [GAO] -- Place: 福建省閩邑 [Fujian Sheng Min Xian] -- Personal,1889,1889,1 item,"Box 2, Folder 70",1,Personal,福建省閩邑,Fujian Sheng Min Xian,,,,records (documents),,,1057,,,,黃振發,HUANG Zhenfa,高,GAO
pitt:31735066267653,83983,https://digital.library.pitt.edu/islandora/object/pitt:31735066267653,Place: 華東 [Huadong(East China)] -- Government,1949,1949,1 item,"Box 4, Folder 190",1,Government,華東,Huadong(East China),,,,records (documents),,,1057,,,,,,,
pitt:31735066267679,83986,https://digital.library.pitt.edu/islandora/object/pitt:31735066267679,Seller: 林定宗（林登宗？） [LIN Ding(Deng)zong] -- Buyer: 余溪 [YU Xi] -- Place: 福建省東山縣 [Fujian Sheng Dongshan Xian] -- Government,1949/1952,1949/1952,1 item,"Box 4, Folder 192",3,Government,福建省東山縣,Fujian Sheng Dongshan Xian,,,,records (documents),,,1057,,,,林定宗（林登宗？）,LIN Ding(Deng)zong,余溪,YU Xi
pitt:31735066267703,83989,https://digital.library.pitt.edu/islandora/object/pitt:31735066267703,Seller: 林祥德 [LIN Xiangde] -- Buyer: 張經炎 [ZHANG Jingyan] -- Place: 福建省閩侯縣 [Fujian Sheng Minhou Xian] -- Government,1921,1921,1 item,"Box 3, Folder 114",2,Government,福建省閩侯縣,Fujian Sheng Minhou Xian,,,,records (documents),,,1057,,,,林祥德,LIN Xiangde,張經炎,ZHANG Jingyan
pitt:31735066267711,83990,https://digital.library.pitt.edu/islandora/object/pitt:31735066267711,Seller: 范南山 [FAN Nanshan] -- Personal,1659,1659,1 item,"Box 1, Folder 2",1,Personal,,,,,,records (documents),,,1057,,,,范南山,FAN Nanshan,,
pitt:31735066267745,83993,https://digital.library.pitt.edu/islandora/object/pitt:31735066267745,Seller: 朱發 [ZHU Fa ] -- Place: 福建省東山縣 [Fujian Sheng Dongshan Xian] -- Government,1952,1952,1 item,"Box 4, Folder 198",3,Government,福建省東山縣,Fujian Sheng Dongshan Xian,,,,records (documents),,,1057,,,,朱發,ZHU Fa,,
pitt:31735066267778,83996,https://digital.library.pitt.edu/islandora/object/pitt:31735066267778,Owner: 嬌世范 [JIAO Shifan] -- Place: 遼寧省新金縣 [Liaoning Sheng Xinjin Xian] -- Government,1949,1949,1 item,"Box 4, Folder 189",1,Government,遼寧省新金縣,Liaoning Sheng Xinjin Xian,,,,records (documents),,,1057,嬌世范,JIAO Shifan,,,,,
pitt:31735066267802,83999,https://digital.library.pitt.edu/islandora/object/pitt:31735066267802,Owner: 葉成 [YE Cheng] --Seller: 林厚成 [LIN Houcheng] -- Buyer: 葉成 [YE Cheng] -- Place: 福建省閩侯縣和侯官縣[Fujian Sheng Minhou Xian and Houguan Xian] -- Government,1854/1913,1854/1913,1 item,"Box 1, Folder 34",2,Government,福建省閩侯縣和侯官縣,Fujian Sheng Minhou Xian and Houguan Xian,,,,records (documents),,,1057,葉成,YE Cheng,,林厚成,LIN Houcheng,葉成,YE Cheng
pitt:31735066267810,84000,https://digital.library.pitt.edu/islandora/object/pitt:31735066267810,Owner: 陳亮 [CHEN Liang] and 李清 [LI Qing] -- Place: 福建省 [Fujian Sheng] -- Government,1892/1894,1892/1894,1 item,"Box 2, Folder 75",15,Government,福建省,Fujian Sheng,,,,records (documents),,,1057,陳亮,CHEN Liang] and 李清 [LI Qing,,,,,
pitt:31735066267836,84003,https://digital.library.pitt.edu/islandora/object/pitt:31735066267836,Seller: 熾原 [Chiyuan] -- Buyer: 尚堃 [Shangkun] -- Place: unknown -- Government,1909,1909,1 item,"Box 2, Folder 90",1,Government,unknown,,,,,records (documents),,,1057,,,,熾原,Chiyuan,尚堃,Shangkun
pitt:31735066267869,84006,https://digital.library.pitt.edu/islandora/object/pitt:31735066267869,Owner: 陳傳京 [CHEN Chuanjing] -- Seller: 陈成餘 [CHEN Chengyu] -- Place: 福建省閩侯縣 [Fujian Sheng Minhou Xian] -- Government,1929,1929,1 item,"Box 3, Folder 140",1,Government,福建省閩侯縣,Fujian Sheng Minhou Xian,,,,records (documents),,,1057,陳傳京,CHEN Chuanjing,,陈成餘,CHEN Chengyu,,
pitt:31735066267893,84009,https://digital.library.pitt.edu/islandora/object/pitt:31735066267893,Seller: 陳必清 [CHEN Biqing] -- Buyer: 陳必泉 [CHEN Biquan] -- Place: 福建省閩縣 [Fujian Sheng Min Xian] -- Government,1887,1887,1 item,"Box 2, Folder 64",1,Government,福建省閩縣,Fujian Sheng Min Xian,,,,records (documents),,,1057,,,,陳必清,CHEN Biqing,陳必泉,CHEN Biquan
pitt:31735066267901,84010,https://digital.library.pitt.edu/islandora/object/pitt:31735066267901,Seller: 陳必清 [CHEN Biqing] -- Buyer: 陳必泉 [CHEN Biquan] -- Place: 福建省閩縣 [Fujian Sheng Min Xian] -- Government,1888,1888,1 item,"Box 2, Folder 69",1,Government,福建省閩縣,Fujian Sheng Min Xian,,,,records (documents),,,1057,,,,陳必清,CHEN Biqing,陳必泉,CHEN Biquan
pitt:31735066267935,84013,https://digital.library.pitt.edu/islandora/object/pitt:31735066267935,Seller: 陳潮寳 [CHEN Chaobao] -- Buyer: 陳敦清 [CHEN Dunqing] -- Place: 福建省林森縣 [Fujian Sheng Linsen Xian] -- Government,1947,1947,1 item,"Box 4, Folder 187",1,Government,福建省林森縣,Fujian Sheng Linsen Xian,,,,records (documents),,,1057,,,,陳潮寳,CHEN Chaobao,陳敦清,CHEN Dunqing
pitt:31735068223365,84028,https://digital.library.pitt.edu/islandora/object/pitt:31735068223365,Owner: 陳琮細 [CHEN Congxi] -- Place: 福建省永泰縣 [Fujian Sheng Yongtai Xian] -- Government,1913/1928,1913/1928,1 item,"Box 2, Folder 100A",1,Government,福建省永泰縣,Fujian Sheng Yongtai Xian,,,,records (documents),,,1057,陳琮細,CHEN Congxi,,,,,
pitt:31735068223423,84035,https://digital.library.pitt.edu/islandora/object/pitt:31735068223423,Seller: 陳太記 [CHEN Taiji] -- Buyer: 陳宿漙 [CHEN Sutuan] -- Place: 福建省閩侯縣 [Fujian Sheng Minhou Xian] -- Personal,1929/1935,1929/1935,1 item,"Box 3, Folder 140B",2,Personal,福建省閩侯縣,Fujian Sheng Minhou Xian,,,,records (documents),,,1057,,,,陳太記,CHEN Taiji,陳宿漙,CHEN Sutuan
pitt:31735068223324,84025,https://digital.library.pitt.edu/islandora/object/pitt:31735068223324,Seller: 郭成亮 [GUO Chengliang] -- Buyer: 王駿發 [WANG Junfa] -- Place: 福建省閩侯縣 [Fujian Sheng Minhou Xian] -- Personal,1906/1955,1906/1955,1 item,"Box 2, Folder 88A",1,Personal,福建省閩侯縣,Fujian Sheng Minhou Xian,,,,records (documents),,,1057,,,,郭成亮,GUO Chengliang,王駿發,WANG Junfa
pitt:31735068223456,84038,https://digital.library.pitt.edu/islandora/object/pitt:31735068223456,Seller: 劉人科 [LIU Renke] -- Buyer: 劉子知後裔 [descendants of LIU Zizhi] -- Place: 福建省閩清縣 [Fujian Sheng Minqing Xian] -- Government,1935,1935,1 item,"Box 3, Folder 155A",1,Government,福建省閩清縣,Fujian Sheng Minqing Xian,,,,records (documents),,,1057,,,,劉人科,LIU Renke,劉子知後裔,descendants of LIU Zizhi
pitt:us-ppiu-eal201101,2389496,https://digital.library.pitt.edu/islandora/object/pitt:us-ppiu-eal201101,"Guide to the Chinese Land Records, 1584-1978 ",,1584/1978,240 items; (5 boxes),,0,"Guide to the Chinese Land Records, 1584-1978",,,,"These Chinese Land Records are important and valuable primary documentation that reflect the land ownership in different historical periods, land tenure changes and land management system of China. As historical records they are indispensable for research and studies of Chinese politics, economy, social life, etc. Digital reproductions of the collection are available online. 这些珍贵的原始文献不仅提供了中国不同历史时期的土地所有，产权转让，土地管理系统的历史信息，也是研究中国政治史，经济史，社会生活史不可或缺的珍贵史料。检索指南包含了数字化副本​。",,documentaries (documents); finding aids,,Fujian Sheng (China),1057,,,,,,,
