cluster,source_file,date,from,to,property,mode,price,relation,evidence
B_linsen_lin_xiuzhi,B_linsen_lin_xiuzhi.json,1947年4月（民國36年4月，日未填）,,林修枝,九坵：第4段222、239[?]；第5段269[?]、111、110、118、48、19、38,土地陳報審核後，由縣政府填發土地管業執照（作為管業憑證和田賦推收依據）,,,pitt:31735066266168; pitt:31735066266176; pitt:31735066266184; pitt:31735066266192; pitt:31735066266200; pitt:31735066266218; pitt:31735066266226; pitt:31735066266234; pitt:31735066266242
F_jianyang_liu,F_jianyang_liu.json,1782年（乾隆47年）九月以前，『本年』,應梓龍,劉繼伍,P1,買賣（賣斷，原契未見）,前契載明，未見,外姓→劉,pitt:31735064607678（追述）
F_jianyang_liu,F_jianyang_liu.json,1782年九月（乾隆47年）,應梓龍,劉繼伍,P1,增找杜斷，縣印紅契,紋銀17兩（另中見禮銀5錢1分）,外姓→劉,pitt:31735064607678
F_jianyang_liu,F_jianyang_liu.json,1797年冬（嘉慶2年冬，『旧年冬』）,劉盛章,劉咸安、劉道建,P2,買賣（賣斷，原契未見）,前契載明，未見,本族（原文）,pitt:31735064607652（追述）
F_jianyang_liu,F_jianyang_liu.json,1798年二月（嘉慶3年）,劉盛章,劉咸安、劉道建,P2,增找離業杜斷，縣印紅契,紋銀8兩（另中銀2錢4[?]分）,本族（原文）,pitt:31735064607652
F_jianyang_liu,F_jianyang_liu.json,1805年五月（嘉慶10年）,劉盛章,劉咸安,P2（推測）,投稅、登記，領布政使司契尾,價銀24兩，稅銀□[柒?]錢2分（3%）,本族（據1798年契）,pitt:31735064607660
F_jianyang_liu,F_jianyang_liu.json,1813年八月（嘉慶18年）,劉欽達,劉王建,P3,買賣後投稅，領契尾,價銀36兩，稅銀1兩0錢8分（3%）,同姓，關係原文未寫,pitt:31735066267471
F_jianyang_liu,F_jianyang_liu.json,道光年間（1821–1850）,（原業主不詳）,劉廷極,P6-P10,置買（1935年追述『係置前清道光年間』）,不詳,不詳,pitt:31735066266762（追述）
F_jianyang_liu,F_jianyang_liu.json,咸豐年間（約1858年前後）,—,—,P6-P10,原契據因『洪楊事變』遺失（1935年追述）,,,pitt:31735066266762（追述）
F_jianyang_liu,F_jianyang_liu.json,1867年六月（同治6年）,饒應壽,劉景茂,P4,買賣後投稅，領契尾,價銀11[?]兩（稅銀殘缺）,外姓→劉,pitt:31735066237565
F_jianyang_liu,F_jianyang_liu.json,宣統2年十二月（約1910-12-31至1911-01-28）,劉嘉命,劉源森,P5,賣斷（祖遺、分定物業），縣印紅契,洋銀8兩2錢5分,堂孫（原文）,pitt:31735066237730
F_jianyang_liu,F_jianyang_liu.json,1935年七月（民國24年）,曾祖劉廷極（遺產）,劉德桂、劉德輝、劉如慶、劉景星（共業）,P6-P10,繼承；補立新契、驗契登記（官契紙）,無（契紙料價2角）,曾孫承曾祖（原文）,pitt:31735066266762
