cluster,pid,name,role,relation_stated,evidence
A_yongtai_huang,pitt:31735066237581,黃遠容,戶名/納戶,,p1、p2、p3、p22、p23、p24、p25 戶名欄手寫『黃遠容』
A_yongtai_huang,pitt:31735066237581,黃同華,戶名/納戶,,p4、p5、p8、p9、p12、p14 戶名欄『黃同華』
A_yongtai_huang,pitt:31735066237581,黃同德,戶名/納戶,,p6、p7 戶名欄『黃同德』
A_yongtai_huang,pitt:31735066237581,黃同義,戶名/納戶,,p13、p15 戶名欄『黃同義』（館方作『黃國義』）
A_yongtai_huang,pitt:31735066237581,黃國興,戶名/納戶,,p10、p11、p16–p21 戶名欄『黃國興』
A_yongtai_huang,pitt:31735066237581,永泰縣知事（姓名未識）,官員,,p23、p2、p16、p18 印『永泰縣知事』；甲、乙式同列漫漶
B_linsen_lin_xiuzhi,pitt:31735066266168,林修枝,業主,,業主姓名〔林修枝〕；右給〔林修枝〕收執
B_linsen_lin_xiuzhi,pitt:31735066266168,黃[?]□鏞[?],官員（縣長，紫色簽名章）,,印刷『縣長』下蓋紫色草書簽名章，字跡不清
B_linsen_lin_xiuzhi,pitt:31735066266168,陳[?]□□,官員（林森田賦糧食管理處處長，紫色簽名章）,,印刷『林森田賦糧食管理處處長』下蓋紫色草書簽名章，字跡不清
B_linsen_lin_xiuzhi,pitt:31735066266176,林修枝,業主,,業主姓名〔林修枝〕；右給〔林修枝〕收執
B_linsen_lin_xiuzhi,pitt:31735066266176,黃[?]□鏞[?],官員（縣長，紫色簽名章）,,印刷『縣長』下蓋紫色草書簽名章，字跡不清
B_linsen_lin_xiuzhi,pitt:31735066266176,陳[?]□□,官員（林森田賦糧食管理處處長，紫色簽名章）,,印刷『林森田賦糧食管理處處長』下蓋紫色草書簽名章，字跡不清
B_linsen_lin_xiuzhi,pitt:31735066266184,林修枝,業主,,業主姓名〔林修枝〕；右給〔林修枝〕收執
B_linsen_lin_xiuzhi,pitt:31735066266184,黃[?]□鏞[?],官員（縣長，紫色簽名章）,,印刷『縣長』下蓋紫色草書簽名章，字跡不清
B_linsen_lin_xiuzhi,pitt:31735066266184,陳[?]□□,官員（林森田賦糧食管理處處長，紫色簽名章）,,印刷『林森田賦糧食管理處處長』下蓋紫色草書簽名章，字跡不清
B_linsen_lin_xiuzhi,pitt:31735066266192,林修枝,業主,,業主姓名〔林修枝〕；右給〔林修枝〕收執
B_linsen_lin_xiuzhi,pitt:31735066266192,黃[?]□鏞[?],官員（縣長，紫色簽名章）,,印刷『縣長』下蓋紫色草書簽名章，字跡不清
B_linsen_lin_xiuzhi,pitt:31735066266192,陳[?]□□,官員（林森田賦糧食管理處處長，紫色簽名章）,,印刷『林森田賦糧食管理處處長』下蓋紫色草書簽名章，字跡不清
B_linsen_lin_xiuzhi,pitt:31735066266200,林修枝,業主,,業主姓名〔林修枝〕；右給〔林修枝〕收執
B_linsen_lin_xiuzhi,pitt:31735066266200,黃[?]□鏞[?],官員（縣長，紫色簽名章）,,印刷『縣長』下蓋紫色草書簽名章，字跡不清
B_linsen_lin_xiuzhi,pitt:31735066266200,陳[?]□□,官員（林森田賦糧食管理處處長，紫色簽名章）,,印刷『林森田賦糧食管理處處長』下蓋紫色草書簽名章，字跡不清
B_linsen_lin_xiuzhi,pitt:31735066266218,林修枝,業主,,業主姓名〔林修枝〕；右給〔林修枝〕收執
B_linsen_lin_xiuzhi,pitt:31735066266218,黃[?]□鏞[?],官員（縣長，紫色簽名章）,,印刷『縣長』下蓋紫色草書簽名章，字跡不清
B_linsen_lin_xiuzhi,pitt:31735066266218,陳[?]□□,官員（林森田賦糧食管理處處長，紫色簽名章）,,印刷『林森田賦糧食管理處處長』下蓋紫色草書簽名章，字跡不清
B_linsen_lin_xiuzhi,pitt:31735066266226,林修枝,業主,,業主姓名〔林修枝〕；右給〔林修枝〕收執
B_linsen_lin_xiuzhi,pitt:31735066266226,黃[?]□鏞[?],官員（縣長，紫色簽名章）,,印刷『縣長』下蓋紫色草書簽名章，字跡不清
B_linsen_lin_xiuzhi,pitt:31735066266226,陳[?]□□,官員（林森田賦糧食管理處處長，紫色簽名章）,,印刷『林森田賦糧食管理處處長』下蓋紫色草書簽名章，字跡不清
B_linsen_lin_xiuzhi,pitt:31735066266234,林修枝,業主,,業主姓名〔林修枝〕；右給〔林修枝〕收執
B_linsen_lin_xiuzhi,pitt:31735066266234,黃[?]□鏞[?],官員（縣長，紫色簽名章）,,印刷『縣長』下蓋紫色草書簽名章，字跡不清
B_linsen_lin_xiuzhi,pitt:31735066266234,陳[?]□□,官員（林森田賦糧食管理處處長，紫色簽名章）,,印刷『林森田賦糧食管理處處長』下蓋紫色草書簽名章，字跡不清
B_linsen_lin_xiuzhi,pitt:31735066266242,林修枝,業主,,業主姓名〔林修枝〕；右給〔林修枝〕收執
B_linsen_lin_xiuzhi,pitt:31735066266242,黃[?]□鏞[?],官員（縣長，紫色簽名章）,,印刷『縣長』下蓋紫色草書簽名章，字跡不清
B_linsen_lin_xiuzhi,pitt:31735066266242,陳[?]□□,官員（林森田賦糧食管理處處長，紫色簽名章）,,印刷『林森田賦糧食管理處處長』下蓋紫色草書簽名章，字跡不清
F_jianyang_liu,pitt:31735064607678,應梓龍,立契人/賣主（增找人）,,立增找杜斷契字人應梓龍本年賣斷有田皮骨……
F_jianyang_liu,pitt:31735064607678,劉繼伍,承買人（原買主，承受增找）,,托得原中勸諭原買主劉繼伍名下增找得杜斷價紋銀壹拾柒兩正
F_jianyang_liu,pitt:31735064607678,應梓明,知見（知契人）,,知契人應梓明（押）
F_jianyang_liu,pitt:31735064607678,劉禮雲,中人（原中人）,,原中人劉禮雲（押）
F_jianyang_liu,pitt:31735064607678,劉兆華,中人（勸諭人）,,勸諭人劉兆華（押）
F_jianyang_liu,pitt:31735064607678,徐遐[?]萬,代筆（代字人）,,代字人徐遐[?]萬（押）
F_jianyang_liu,pitt:31735064607652,劉盛章,立契人/賣主（增找人）,,立增找離業杜斷杇房屋地基契人劉盛章
F_jianyang_liu,pitt:31735064607652,劉咸安,承買人（買主之一）,本族（相對賣主劉盛章而言）,托得原中向買主本族咸安、道建名下增找
F_jianyang_liu,pitt:31735064607652,劉道建,承買人（買主之一）,本族（相對賣主劉盛章而言）,向買主本族咸安、道建名下增找
F_jianyang_liu,pitt:31735064607652,劉如萬,中人兼代筆（原中代字人）,,原中代字人劉如萬（押）
F_jianyang_liu,pitt:31735064607660,劉咸安,業主（業戶，納稅承買人）,,計開　業戶劉咸安買劉盛章房；右給建陽縣業戶劉咸安准此
F_jianyang_liu,pitt:31735064607660,劉盛章,賣主,,業戶劉咸安買劉盛章房
F_jianyang_liu,pitt:31735066267471,劉王建,業主（業戶，納稅承買人）,,計開　業戶劉王建買劉欽達田；右給建陽縣業戶劉王建准此
F_jianyang_liu,pitt:31735066267471,劉欽達,賣主,,業戶劉王建買劉欽達[館方讀作『違』]田
F_jianyang_liu,pitt:31735066237565,劉景茂,業主（業戶，納稅承買人）,,計開　業戶劉景茂買饒應壽田
F_jianyang_liu,pitt:31735066237565,饒應壽,賣主,,業戶劉景茂買饒應壽田
F_jianyang_liu,pitt:31735066237730,劉嘉命,立契人/賣主,,立賣斷契人劉嘉命承祖遺下置有皮骨坪基……
F_jianyang_liu,pitt:31735066237730,劉源森,承買人,堂孫（嘉命之堂孫），本村,立契出賣斷與本村　堂孫　劉源森名下承買為業
F_jianyang_liu,pitt:31735066237730,吳清明,中人（說諭人）,,說諭人吳清明○
F_jianyang_liu,pitt:31735066237730,劉孝啟[?],中人（為中人）,,為中人劉孝啟[?]（押）
F_jianyang_liu,pitt:31735066237730,劉華老,知見（知契人）,堂孫（相對賣主嘉命）,知契人堂孫劉華老○
F_jianyang_liu,pitt:31735066237730,劉孝鎧[?],代筆（代筆人）,,代筆人劉孝鎧[?]（押）
F_jianyang_liu,pitt:31735066266762,劉德桂,業主（立補新契人，簽名稱『契人』）,與德輝、如慶、景星同承曾祖廷極公,立補新契人劉德桂德輝如慶景星等承曾祖廷極公遺下；契人劉德桂（押）
F_jianyang_liu,pitt:31735066266762,劉德輝,業主（立補新契人）,同上（曾祖廷極公）,契人劉德輝（押）
F_jianyang_liu,pitt:31735066266762,劉如慶,業主（立補新契人），又以保長身份簽押,同上（曾祖廷極公）,保長劉如慶［印：劉如慶章］；契人劉如慶［印：劉如慶章］
F_jianyang_liu,pitt:31735066266762,劉景星,業主（立補新契人）,同上（曾祖廷極公）,契人劉景星［印：劉景星］
F_jianyang_liu,pitt:31735066266762,劉廷極,原業主（已故曾祖，道光年間置田）,德桂、德輝、如慶、景星之曾祖,承曾祖廷極公遺下係置前清道光年間有祀田
F_jianyang_liu,pitt:31735066266762,陳[?]維新,官員（區長）,,區長陳[?]維新（姓被蟲蛀）
