cluster,source_file,pid,nid,page_count,doc_type,date_original,date_gregorian,date_vs_metadata,property_kind,toponym,location,size,tax_or_rent,parcel_ids,title_origin,price_amount,price_unit,price_currency,price_text,clauses,legibility,confidence,notes
A_yongtai_huang,A_yongtai_huang_part1.json,pitt:31735066237581,83869,25,糧戶執照,納稅年度：民國陸年、十一年、拾弍年、拾叁年、十四年、拾肆[?]年、拾伍[?]年；發照：中華民國陸年十二月廿四[?]日、民國拾叁年十二月、民國拾伍年乙[?]月,納稅年度1917、1922—1926；發照1917年12月、1924年12月、1926年,基本一致：館方記『民國6-15年 [1917-1926]』，最早p23為民國6年，最晚p22為民國15年。但館方沒有指出，25件中有20件是民國11、12年的欠糧，在民國13年12月集中補納並發照（p2–p21）。,未寫明（地丁銀為田賦，推測為田產）,,福建永泰縣；都/甲欄空白或漫漶,,各戶名每年固定的地丁銀科目：黃遠容 肆錢＋玖分肆[?]釐〇毫；黃同華 弍錢（兩筆）＋叁錢＋壹分捌釐捌毫＋叁分陸釐〇毫；黃同德 弍錢＋捌分捌釐陸毫；黃同義 伍分伍釐柒毫；黃國興 肆錢＋壹錢＋玖分伍釐〇毫＋捌分壹釐捌毫,無地號；只有執照字號（賴[?]字、龍字、作字、心字）,,,,,,倘有重完…限十日內赴櫃驗改，如逾自悞此諭[?]（朱框告示）; 合給執照須至執照者,medium,0.75,1）版頭是『納戶執照』。2）館方所列『黃國義』，原件兩見都作『黃同義』（p13、p15）。3）同人同年常有兩到五張收據，金額各不相同，而且第11、12年完全重複出現（例如國興每年都是肆錢、壹錢、玖分伍釐、捌分壹釐捌毫四筆），所以每筆應是一個固定的糧額科目（可能對應不同戶口或地塊），不是分期付款。4）整數『X錢正』多半用木戳加蓋，零數『X分X釐X毫』是手寫，兩類編號分屬不同號段。5）全冊沒有『推收』『過戶』『分戶』字樣。6）放大裁切在 data/households/_crops/pitt_31735066237581/；前一部分用IIIF下載，Pitt站開始要求人機驗證以後，改用本地1600px和students_documents_export的2500px圖裁切。
A_yongtai_huang,A_yongtai_huang_part2.json,pitt:31735066237631,83874,7,串票/納稅收據,納稅年度：中華民國玖年（p5–7）、民國十の（十四）年（p1–3）；發照：中華民國玖年十二[?]月（p5–7）、民國拾伍年七[?]月（p1–3）,納稅年度1920、1925；發照1920年底、1926年,館方1920/1925指的是納稅年度，大致一致；但p1–3實際在民國拾伍年（1926）發照，比館方下限晚一年,地丁銀戶（未載地塊）,,福建永泰縣；都、甲兩欄空白未填,,黃雲邨：肆錢正＋弍[?]分陸[?]釐壹[?]毫（民9、民14兩年各一對）；黃汝勷：捌分壹釐〇毫（民9、民14）,,,,,,,倘有重完錯漏，限十日內赴櫃驗改，如遲自悞,medium,0.7,這一件是兩個戶名的地丁銀執照合裝：黃雲邨兩筆（肆錢正、弍[?]分陸[?]釐壹[?]毫）、黃汝勷一筆（捌分壹釐〇毫），民國9年、14年各繳一次；第4頁是手寫小條。民9年雲邨3528號與汝勷3529號連號，民14年（1926年發照）雲邨一百六九號、汝勷一百六□號也相近，說明兩戶的糧由同一人一起去櫃上完納。原件沒有寫兩人關係。館方『黃雲村?』應作『黃雲邨』。
A_yongtai_huang,A_yongtai_huang_part2.json,pitt:31735066237623,83873,5,串票/納稅收據,納稅年度：中華民國玖年（p1）、民國拾叁年（p2）、民國拾伍年（p3–5）；發照：中華民國玖年七月、民國拾伍年、中華民國拾陸年,納稅年度1920、1924、1926；發照1920、1926、1927,館方1920–1926與納稅年度一致；p4、p5實際在民國拾陸年（1927）發照，超出館方下限,地丁銀戶（未載地塊）,,永泰縣；都、甲未填,,伍分伍釐柒毫（民9）；壹分捌釐捌毫（民13）；叁分陸釐〇毫（民15）；叁錢正（民15）；壹[?]錢正（民15）,,,,,,,倘有重完錯漏，限十日內赴櫃驗改,medium,0.72,全部是黃同華一戶不同筆錢糧的納戶執照，金額各不相同（至少5筆戶項），沒有推收、過戶字樣。
A_yongtai_huang,A_yongtai_huang_part2.json,pitt:31735066237680,83880,1,串票/納稅收據,納稅：民國拾壹年；發照：民國拾壹[?]年十一[?]月□日,1922,一致（館方1922）,地丁銀戶,,永泰縣；都、甲未填,,捌分壹釐〇毫,,,,,,,,medium,0.7,與83874 p7（民9）、p3（民14）同為黃汝勷『捌分壹釐〇毫』一筆，構成民9—民11—民14的連續完糧記錄。
A_yongtai_huang,A_yongtai_huang_part2.json,pitt:31735066237599,83870,8,糧戶執照,p1–7：中華民國弍拾年發照，納稅年度拾柒至弍拾年；p8：民國拾叁年十二月發照，納稅年度拾弍年,發照1931（p1–7）、1924年12月（p8）；納稅年度1923、1928–1931,館方1923–1930：起點1923是p8的納稅年度；但p1、p2納稅年度為弍拾年（1931），且p1–7都在1931年發照，館方下限應為1931,地丁戶（未載地塊）,,永泰縣（都甲未見）,,每年兩筆：貳錢正、弍分捌釐〇毫,,,,,,印有『共結收大洋』『每兩加價』『…費大洋』，數額都空白未填,上[?]下忙完納每兩加價（印字）,medium,0.7,館方『黃乞容等』：八張其實都只寫黃乞容一人，沒有『等』。1931年一次領到民17–20四年的執照，每年兩張（貳錢正、弍分捌釐〇毫），其中民17年的『弍分捌釐』一張單獨編為83952；民16年一張是83951。
A_yongtai_huang,A_yongtai_huang_part2.json,pitt:31735066237664,83878,2,串票/納稅收據,p1：納稅民國十三年，發照民國拾伍年；p2：納稅中華民國拾伍年，發照中華民國拾陸年,納稅1924、1926；發照1926、1927,館方1924、1926是納稅年度，一致；發照年分別晚一年,地丁銀戶,,永泰縣；都甲未填,,伍錢正（民13、民15）,,,,,,,,medium,0.8,第一部分在83869讀到黃同德民11年為『弍錢正』與『捌分捌釐陸毫』（p6、p7）；本件民13、15年都是『伍錢正』。是新增或併入戶項，還是另一筆錢糧，原件沒有推收字樣，無法判斷。
A_yongtai_huang,A_yongtai_huang_part2.json,pitt:31735066266747,83955,1,串票/納稅收據,納稅民國拾伍年（預印），發照民國拾伍年五[?]月,1926,一致,地丁銀戶,,永泰縣；都甲未填,,伍分伍釐柒毫,,,,,,,,medium,0.8,金額『伍分伍釐柒毫』與83873 p1（民9，黃同華）相同；第一部分83869讀作黃同義（民11、12）的兩張也是這個金額，見綜合分析。
A_yongtai_huang,A_yongtai_huang_part2.json,pitt:31735066237607,83871,6,串票/納稅收據,納稅年度皆為民國拾伍年；p2–4發照民國拾伍年，p1、p5、p6發照中華民國拾陸年,納稅1926；發照1926、1927,一致（館方1926–1927）,地丁銀戶,,永泰縣；都甲未填,,民15年六筆：肆錢正、壹錢正、壹錢正、叁分叁[?]釐〇毫、玖分伍釐〇毫、捌分陸[?]釐捌毫,,,,,,,,medium,0.75,館方『黃國興等』：六張都只寫黃國興。同一納稅年度（民15）有六張不同金額的執照，說明一個戶名下掛多筆錢糧（多處田產或多個舊戶）。
A_yongtai_huang,A_yongtai_huang_part2.json,pitt:31735066266713,83951,1,串票/納稅收據,納稅民國拾陸年（預印）；發照民國拾柒年□月□日,納稅1927；發照1928,館方1928是發照年，一致；納稅年度是1927,地丁銀戶,,永泰縣,,弍分捌釐〇毫,,,,,,,朱印附加捐告示（見transcription）,medium,0.7,黃乞容民16年的『弍分捌釐〇毫』，正好補上83870（民12、民17–20）中間的一年。
A_yongtai_huang,A_yongtai_huang_part2.json,pitt:31735066266721,83952,1,糧戶執照,納稅中華民國拾柒年（手寫）；發照中華民國弍拾年,納稅1928；發照1931,館方1931是發照年，一致；納稅年度是1928,地丁戶,,永泰縣,,弍分捌釐〇毫,,,,,,『共結收大洋』後未填,,medium,0.75,與83870 p7（民17，貳錢正）是同一年度的一對，同批於1931年發照，館方分開編目。
B_linsen_lin_xiuzhi,B_linsen_lin_xiuzhi.json,pitt:31735066266168,83893,1,管業執照,中華民國三十〔六〕年〔四〕月　日（日未填）,1947年4月（民國紀年即公曆，無農曆跨年問題；日未填）,一致：館方日期1947、目錄『民國36年』；原件可細化到1947年4月,蕩地（水蕩／低濕地）,馬坑,福建省林森縣〔劉[?]厝〕鄉(鎮)，土名馬坑,零畝壹分伍厘,賦額零元零角貳分,西字第5段第48號（執照號西字第005590號）,,,,,,奉令舉辦土地陳報，業主地畝經審核無訛，填發管業執照以憑管業; 如有買賣、典當、繼承、分割、合併、贈與、交換或其他產權移轉，須持照向本縣田賦機關聲請推收過戶、換領新照; 私擅塗改或偽造者按律治罪,high,0.9,"與其餘8件同一版式，同一批次（民國36年4月）發給林修枝，一坵一照。 盒/夾：Box 4, Folder 176。 住址和坐落的鄉名是兩字橡皮戳，首字草體作『刘』形（左文右刂），讀作『劉厝』，未能完全確定；村名手寫『馬井』。 表格沒有『來歷』或『原業主』欄，附記欄也是空白，無從得知此地的產權來源。"
B_linsen_lin_xiuzhi,B_linsen_lin_xiuzhi.json,pitt:31735066266176,83894,1,管業執照,中華民國三十〔六〕年〔四〕月　日（日未填）,1947年4月（民國紀年即公曆，無農曆跨年問題；日未填）,一致：館方日期1947、目錄『民國36年』；原件可細化到1947年4月,田（地目：田）,馬路下,福建省林森縣〔劉[?]厝〕鄉(鎮)，土名馬路下,壹畝貳分零厘,賦額零元柒角貳分,西字第5段第19號（執照號西字第005591號）,,,,,,奉令舉辦土地陳報，業主地畝經審核無訛，填發管業執照以憑管業; 如有買賣、典當、繼承、分割、合併、贈與、交換或其他產權移轉，須持照向本縣田賦機關聲請推收過戶、換領新照; 私擅塗改或偽造者按律治罪,high,0.9,"與其餘8件同一版式，同一批次（民國36年4月）發給林修枝，一坵一照。 盒/夾：Box 4, Folder 177。 住址和坐落的鄉名是兩字橡皮戳，首字草體作『刘』形（左文右刂），讀作『劉厝』，未能完全確定；村名手寫『馬井』。 表格沒有『來歷』或『原業主』欄，附記欄也是空白，無從得知此地的產權來源。"
B_linsen_lin_xiuzhi,B_linsen_lin_xiuzhi.json,pitt:31735066266184,83895,1,管業執照,中華民國三十〔六〕年〔四〕月　日（日未填）,1947年4月（民國紀年即公曆，無農曆跨年問題；日未填）,一致：館方日期1947、目錄『民國36年』；原件可細化到1947年4月,田（地目：田）,門前,福建省林森縣〔劉[?]厝〕鄉(鎮)，土名門前,壹畝壹分伍厘,賦額零元陸角玖分,西字第5段第38號（執照號西字第005593號）,,,,,,奉令舉辦土地陳報，業主地畝經審核無訛，填發管業執照以憑管業; 如有買賣、典當、繼承、分割、合併、贈與、交換或其他產權移轉，須持照向本縣田賦機關聲請推收過戶、換領新照; 私擅塗改或偽造者按律治罪,high,0.9,"與其餘8件同一版式，同一批次（民國36年4月）發給林修枝，一坵一照。 盒/夾：Box 4, Folder 178。 館方英文標題拼作『Linsen Xianen』，有誤，應為 Linsen Xian。本件執照號5593，5592號不在本組（可能是林修枝的另一地塊，也可能是他戶的執照）。 住址和坐落的鄉名是兩字橡皮戳，首字草體作『刘』形（左文右刂），讀作『劉厝』，未能完全確定；村名手寫『馬井』。 表格沒有『來歷』或『原業主』欄，附記欄也是空白，無從得知此地的產權來源。"
B_linsen_lin_xiuzhi,B_linsen_lin_xiuzhi.json,pitt:31735066266192,83896,1,管業執照,中華民國三十〔六〕年〔四〕月　日（日未填）,1947年4月（民國紀年即公曆，無農曆跨年問題；日未填）,一致：館方日期1947、目錄『民國36年』；原件可細化到1947年4月,屋基／建築用地（地目：基地）,馬坑,福建省林森縣〔劉[?]厝〕鄉(鎮)，土名馬坑,零畝貳分捌厘,賦額零元零角壹分,西字第5段第110號（執照號西字第005588號）,,,,,,奉令舉辦土地陳報，業主地畝經審核無訛，填發管業執照以憑管業; 如有買賣、典當、繼承、分割、合併、贈與、交換或其他產權移轉，須持照向本縣田賦機關聲請推收過戶、換領新照; 私擅塗改或偽造者按律治罪,high,0.9,"與其餘8件同一版式，同一批次（民國36年4月）發給林修枝，一坵一照。 盒/夾：Box 4, Folder 179。 賦額與面積不相稱：同為基地貳等上則，83900的0.08畝賦0.03元，83897的0.02畝賦0.01元（約每畝0.375—0.5元）；本件0.28畝只有0.01元，按比例應約0.10—0.14元。原件確實寫作『零元零角壹分』，存疑。 住址和坐落的鄉名是兩字橡皮戳，首字草體作『刘』形（左文右刂），讀作『劉厝』，未能完全確定；村名手寫『馬井』。 表格沒有『來歷』或『原業主』欄，附記欄也是空白，無從得知此地的產權來源。"
B_linsen_lin_xiuzhi,B_linsen_lin_xiuzhi.json,pitt:31735066266200,83897,1,管業執照,中華民國三十〔六〕年〔四〕月　日（日未填）,1947年4月（民國紀年即公曆，無農曆跨年問題；日未填）,一致：館方日期1947、目錄『民國36年』；原件可細化到1947年4月,屋基／建築用地（地目：基地）,馬坑,福建省林森縣〔劉[?]厝〕鄉(鎮)，土名馬坑,零畝零分貳厘,賦額零元零角壹分,西字第5段第111號（執照號西字第005587號）,,,,,,奉令舉辦土地陳報，業主地畝經審核無訛，填發管業執照以憑管業; 如有買賣、典當、繼承、分割、合併、贈與、交換或其他產權移轉，須持照向本縣田賦機關聲請推收過戶、換領新照; 私擅塗改或偽造者按律治罪,high,0.9,"與其餘8件同一版式，同一批次（民國36年4月）發給林修枝，一坵一照。 盒/夾：Box 4, Folder 180。 住址和坐落的鄉名是兩字橡皮戳，首字草體作『刘』形（左文右刂），讀作『劉厝』，未能完全確定；村名手寫『馬井』。 表格沒有『來歷』或『原業主』欄，附記欄也是空白，無從得知此地的產權來源。"
B_linsen_lin_xiuzhi,B_linsen_lin_xiuzhi.json,pitt:31735066266218,83898,1,管業執照,中華民國三十〔六〕年〔四〕月　日（日未填）,1947年4月（民國紀年即公曆，無農曆跨年問題；日未填）,一致：館方日期1947、目錄『民國36年』；原件可細化到1947年4月,農地（或為旱作地）,坑裡,福建省林森縣〔劉[?]厝〕鄉(鎮)，土名坑裡,壹畝壹分零厘,賦額零元伍角伍分,西字第5段第269[?]號（執照號西字第005586號）,,,,,,奉令舉辦土地陳報，業主地畝經審核無訛，填發管業執照以憑管業; 如有買賣、典當、繼承、分割、合併、贈與、交換或其他產權移轉，須持照向本縣田賦機關聲請推收過戶、換領新照; 私擅塗改或偽造者按律治罪,high,0.8,"與其餘8件同一版式，同一批次（民國36年4月）發給林修枝，一坵一照。 盒/夾：Box 4, Folder 181。 地號首位數字也是Z形『2』，次位讀『6』。 地目首字草書作『農』形，讀作『農地』，與其他件的『田』『基』『蕩』不同。1930年《土地法》的土地分類有『農地』，但本地清冊用語沒有旁證，存疑。 住址和坐落的鄉名是兩字橡皮戳，首字草體作『刘』形（左文右刂），讀作『劉厝』，未能完全確定；村名手寫『馬井』。 表格沒有『來歷』或『原業主』欄，附記欄也是空白，無從得知此地的產權來源。"
B_linsen_lin_xiuzhi,B_linsen_lin_xiuzhi.json,pitt:31735066266226,83899,1,管業執照,中華民國三十〔六〕年〔四〕月　日（日未填）,1947年4月（民國紀年即公曆，無農曆跨年問題；日未填）,一致：館方日期1947、目錄『民國36年』；原件可細化到1947年4月,田（地目：田）,白龍厝前,福建省林森縣〔劉[?]厝〕鄉(鎮)，土名白龍厝前,壹畝玖分伍厘,賦額壹元貳角柒分,西字第4段第239[?]號（執照號西字第005585號）,,,,,,奉令舉辦土地陳報，業主地畝經審核無訛，填發管業執照以憑管業; 如有買賣、典當、繼承、分割、合併、贈與、交換或其他產權移轉，須持照向本縣田賦機關聲請推收過戶、換領新照; 私擅塗改或偽造者按律治罪,high,0.85,"與其餘8件同一版式，同一批次（民國36年4月）發給林修枝，一坵一照。 盒/夾：Box 4, Folder 182。 地號首位數字作Z形、帶底橫，與83901『222』的『2』同形，和83896/83897單豎的『1』不同，故讀239；此前讀作『139』，存疑。 賦額與面積比例不符：同組田地壹等下則另外三件（83901、83894、83895）都是每畝0.60元，按此1.95畝應為1.17元，原件卻作『壹元貳角柒分』（1.27元），可能是填寫錯誤或另有原因，存疑。 住址和坐落的鄉名是兩字橡皮戳，首字草體作『刘』形（左文右刂），讀作『劉厝』，未能完全確定；村名手寫『馬井』。 表格沒有『來歷』或『原業主』欄，附記欄也是空白，無從得知此地的產權來源。"
B_linsen_lin_xiuzhi,B_linsen_lin_xiuzhi.json,pitt:31735066266234,83900,1,管業執照,中華民國三十〔六〕年〔四〕月　日（日未填）,1947年4月（民國紀年即公曆，無農曆跨年問題；日未填）,一致：館方日期1947、目錄『民國36年』；原件可細化到1947年4月,屋基／建築用地（地目：基地）,馬坑,福建省林森縣〔劉[?]厝〕鄉(鎮)，土名馬坑,零畝零分捌厘,賦額零元零角叁分,西字第5段第118號（執照號西字第5589號）,,,,,,奉令舉辦土地陳報，業主地畝經審核無訛，填發管業執照以憑管業; 如有買賣、典當、繼承、分割、合併、贈與、交換或其他產權移轉，須持照向本縣田賦機關聲請推收過戶、換領新照; 私擅塗改或偽造者按律治罪,high,0.9,"與其餘8件同一版式，同一批次（民國36年4月）發給林修枝，一坵一照。 盒/夾：Box 4, Folder 183。 執照號碼欄沒有用號碼機打印，以藍色筆手寫『5589』；騎縫半字『伍伍捌玖』可以互證，號碼正好介於5588和5590之間，與同批連號相合。 住址和坐落的鄉名是兩字橡皮戳，首字草體作『刘』形（左文右刂），讀作『劉厝』，未能完全確定；村名手寫『馬井』。 表格沒有『來歷』或『原業主』欄，附記欄也是空白，無從得知此地的產權來源。"
B_linsen_lin_xiuzhi,B_linsen_lin_xiuzhi.json,pitt:31735066266242,83901,1,管業執照,中華民國三十〔六〕年〔四〕月　日（日未填）,1947年4月（民國紀年即公曆，無農曆跨年問題；日未填）,一致：館方日期1947、目錄『民國36年』；原件可細化到1947年4月,田（地目：田）,白龍坪上,福建省林森縣〔劉[?]厝〕鄉(鎮)，土名白龍坪上,零畝玖分零厘,賦額零元伍角肆分,西字第4段第222號（執照號西字第005584號）,,,,,,奉令舉辦土地陳報，業主地畝經審核無訛，填發管業執照以憑管業; 如有買賣、典當、繼承、分割、合併、贈與、交換或其他產權移轉，須持照向本縣田賦機關聲請推收過戶、換領新照; 私擅塗改或偽造者按律治罪,high,0.9,"與其餘8件同一版式，同一批次（民國36年4月）發給林修枝，一坵一照。 盒/夾：Box 4, Folder 184。 住址和坐落的鄉名是兩字橡皮戳，首字草體作『刘』形（左文右刂），讀作『劉厝』，未能完全確定；村名手寫『馬井』。 表格沒有『來歷』或『原業主』欄，附記欄也是空白，無從得知此地的產權來源。"
C_minhou_lin_wankai,C_minhou_lin_wankai.json,pitt:31735064607785,83830,1,賣斷契,光緒元年拾弍月　日（日空白）,約1875-12-28至1876-01-25（農曆年末跨年；1876-01-01約當十二月初五，日未填，大部分可能日期落在1876年1月）,大致一致：館方1875；但光緒元年十二月大半在公曆1876年1月，嚴格說應標1875/1876,田（根面全民田，即田根、田面俱全）,馬路下（兩號）；井嘴（一號）,侯官縣（侯邑）西關外草市都馬坑地方,馬路下：冊載地字四區叁百弍拾捌號官丈陸分弍厘，又叁百叁拾號官丈叁分柒厘八毛，此兩號大小弍坵，田頭壑仔壹口、園仔壹塊；井嘴：地字四區叁百肆拾柒號官丈壹畝叁分弍厘柒毫八忽；以上三號共計官丈弍畝叁分弍厘伍毛八忽（≈2.326畝，與分號相加相符）,其粮色立在草市都壹[?]甲□照[?]例科徵完納（戶名未見）,地字四區328號、330號、347號,手置（『林應香有手置[?]根面全民田數號』『但此田係香手置與人無干』）；上手來歷：楊能燮原典馬路根契、陳朝科原典井嘴根契、曾德銓原斷田面契及斷契、畫斷契,108,千文,錢（銅錢）,賣斷田價錢壹百零捌千文,賣斷; 其田聽開承買者起耕完課; 自賣斷之後永斷葛藤不敢別生枝節; 與人無干亦無重張典當; 倘有來歷不明香承當與開無涉; 兩愿無悔; 繳上手契，共成七紙統付為照,medium,0.8,行書較潦草，括號內『開』『香』是行間小字（指買主、賣主）。賣主稱萬開『族兄』，說明二人同族同輩但不是近親。所賣是『根面全』田，即田根、田面兩層權利都賣斷。地塊『馬路下』『井嘴』與1891年鬮書（pitt:31735064607645）『長子長孫份下』的『田土名井嘴根面全壹畝叁分』『田土名馬路下根面全壹畝弍分』土名相同，可判定是同一批田（井嘴面積1.3≈1.3278畝；馬路下1.2畝與本契兩號合計約1.0畝略有出入，可能另含園仔等）。1913年12月林萬開持本契呈驗，換得驗契契單（pitt:31735064607694），契單記『於清光緒元年拾貳月日買受林應香田地貳畝叁分零』『原契未稅』，與本契互證。館方標題 Government 不準確：這是民間白契，後經民國驗契。『畫斷契』張數一字未能確認（按『共成七紙』推算應為弍或叁紙）。
C_minhou_lin_wankai,C_minhou_lin_wankai.json,pitt:31735064607801,83833,1,賣斷契,光緒柒年拾貳月　日（日空白）,約1882-01-19至1882-02-17（光緒七年十二月整月都在公曆1882年）,不一致：館方1881；原件光緒七年十二月，折合公曆應為1882年1–2月,田（田根，即佃耕層；田面屬面主王家）,鯽魚坵、牛頭長坵等大小三坵，池壹口,侯官縣（侯邑）西關外白龍壇路地方,大小三坵池壹口共四坵，計官丈弍畝五分零,年納面主王家早晚租谷叁百五十觔平秤,,手置（『林春發有手置民田根數號』『此田根係發手置』）；上手：楊以[?]通原典根契、楊能鋒[?]畫斷契,110,千文,錢（銅錢）,賣斷田根價錢壹百壹拾千文,賣斷; 其田根聽叔永遠管業; 自賣斷之後永斷葛藤不敢別生枝節; 與親疎房伯叔兄弟侄無干; 亦無重張典當他人財物; 來歷不明均發承當與叔無涉; 兩相允愿各無反悔; 繳上手契：楊以[?]通原典根契壹紙、楊能鋒[?]畫斷契三紙; 內註契字一字標照,high,0.85,賣主稱萬開『族叔』，即賣主低萬開一輩、同族遠房。所賣只是『田根』：在福州一帶，『田面』是收租納糧的一層（面主），『田根』是耕作並向面主交『面租』的一層（與江南『田面/田底』用法相反）。本契田根要年納面主王家租谷350斤，正說明這一點。1891年鬮書（pitt:31735064607645）『福房份下』有『一田白龍土名壇路根田弍畝伍分　年納本鄉王處面租穀叁百伍拾斤』，地名（白龍壇路）、面積（2.5畝）、面主（王）、面租（350斤）四項全部吻合，可判定就是本契所買的田根，1891年分給福房。館方日期1881應改為1882。
C_minhou_lin_wankai,C_minhou_lin_wankai.json,pitt:31735064607751,83827,1,典契,光緒拾年弍月吉　日,約1884-02-27至1884-03-26,一致（1884）,田（田面，即收租納糧的一層）,白龍東洋大墈邊、水流坵、圓坵等處（撥出伍號：大墈邊、白龍、水流坵、白龍、圓坵）,侯官縣（侯邑）西關外三十八都馬坑白龍地方,上中下則田計官丈肆畝捌分零。計開：日字壹區壹百弍拾玖号土名大墈邊上田玖分叁厘弍毫九絲弍忽；又叁百零弍号土名白龍上田壹畝六分六厘捌毫柒絲伍忽；又弍百柒拾捌号土名水流坵上田弍分零捌毫叁絲叁忽；又叁百捌拾弍号土名白龍上田陸分伍厘柒毫壹絲；日字十區肆百壹拾号土名圓坵上田壹畝壹分陸厘柒毫伍忽（五號相加約4.63畝，與『肆畝捌分零』不符，可能有讀誤或原件誤差）,粮色立在本都二圖六甲何德興戶下；年載租穀捌百陸拾觔（大墈邊租弍百斤佃林萬裔；白龍租叁百斤佃李掟[?]榮；其餘三號租共叁百陸拾斤佃林萬裔）,日字壹區129、302、278、382號；日字十區410號,典得（『原自己典得何德興民田面數號』），契中套語又稱『溥自己手置物業』,44,兩,銀（鏡銀，大錠庫鉤[?]）,田面價鏡銀肆拾肆兩正大錠庫鉤[?],撥典（轉典）; 其田面聽兄管業收租; 其粮色照憑縣例科派過甲易戶完納; 撥典後與溥無干; 倘原主取贖不拘年限照憑契面銀兩取贖，買主亦不得執留; 與本別房伯叔兄弟侄無干; 未曾重張典掛他人財物; 來歷不明溥出頭抵當; 何家原契與別業相連未便繳付,high,0.85,這是轉典：林秋溥先從何德興典得這些田面，再把其中五號轉典給堂兄林萬開，原主何家仍可隨時（不拘年限）照原價回贖。館方標作『賣方林秋溥→買方林萬開』大體方向正確，但交易性質是典（轉典），不是賣。在見人『弟萬拱、欽』就是1891年鬮書中林萬開的『仝弟萬拱、萬欽』，可見三兄弟都到場。出典人稱萬開『堂兄』，卻稱萬拱、萬欽為『弟』（未加『堂』字），推測是省稱。佃戶林萬裔也是『萬』字輩（推測同族）。價銀44兩與1887年契尾（pitt:31735064607876）所記『業戶林萬開買林秋溥田…肆拾肆兩，納稅壹兩叁錢弍分』完全相同，契尾即本契的稅契憑證。
C_minhou_lin_wankai,C_minhou_lin_wankai.json,pitt:31735064607769,83828,1,典契,光緒拾年拾月吉日,約1884-11-17至1884-12-16,一致（1884）,田（田面，應半，即一號田的一半）,大秧地,侯官縣（侯邑）西關外草市都井邊亭地方,全號：冊載地字弍百號中則田民池[?]計官丈叁畝陸厘壹毫壹絲；利父份下應分壹半，該應田壹畝伍分叁厘伍絲伍忽（≈1.53畝）,全號年共再[載?]面租穀捌百伍拾觔，應半面租穀肆百弍拾伍觔；糧色立在草市都柒甲林志戶下，年應完糧銀壹錢弍分弍厘柒毫、色[?]米[?]壹升柒合伍勺,地字弍百號,承父鬮分（『原承父在日鬮分己份下』『此田面係利承父鬮分份下物業』）,10,兩,銀（紋廣[?]）；贖時每兩折銅錢票捌百伍拾文,典出田面價銀壹拾兩正紋廣,典（可贖）; 面約[?]肆年為限，限滿備價照契面銀兩贖田; 每兩銀折銅錢票捌百伍拾文算贖; 如未取贖仍聽照舊管業; 官役稅費贖田之日一起認還; 贖田日期定冬至內，冬至外不得言說; 與別房伯叔兄弟侄無干; 未曾重張典當; 上手原契並斷契與別業相連未便繳付; 繳楊鵬起撥繳典契、稅司單，共成叁紙；另蔡世端畫契壹紙,high,0.8,館方『Buyer: 官方政府 [Government]』是誤讀：契文『典與／官慶為業』，『官』在此是承典人姓名的首字（推測為官姓，福州常見），不是官府；1886年契尾（pitt:31735066266275）也寫『業戶　官[□]…買林萬利田…價銀壹拾兩』，可互證。這是典契，不是賣契，有4年回贖期。林萬利的田來自『承父鬮分』，說明萬利之父早年已經分過家。親屬稱謂很關鍵：昌意是萬利的『胞叔』，萬斌、萬順是萬利的『堂兄』，可良是『堂姪』；而在1891年鬮書裡，昌意是林萬開的『堂叔』（『與堂叔昌意堂兄萬進夾買』），萬順是林萬開的『堂弟』，萬開的親弟弟是萬拱、萬欽，沒有萬利。所以萬利不是萬開的親兄弟（見synthesis推論）。『納在面主官祿□下』一句含義不明：若萬利持有的是田面，應是收租而非納租，此處或指面租登記在某人名下，待核。
C_minhou_lin_wankai,C_minhou_lin_wankai.json,pitt:31735066266275,83904,1,契尾,光緒拾弍年叁月　日,約1886-04-05至1886-05-03,一致（1886）,田,,坐落欄空白；據價銀推測即草市都井邊亭大秧地應半田面（pitt:31735064607769）,,納稅銀叁錢,契尾編號：侯□第玖[?]千陸百貳拾肆號（上方騎縫及中部各書一次）,買（典）自林萬利,10,兩,銀,用價銀壹拾兩；納稅銀叁錢,契尾（稅契憑證）; 稅率：價銀10兩納稅3錢，即3%,medium,0.75,館方只標『Owner: 林萬利』，其實林萬利是出賣（出典）一方，持有契尾的業戶是承典人『官□』。價銀壹拾兩與1884年林萬利典田面契（pitt:31735064607769）價銀相同，契尾晚一年半發給，應是該典契的稅契憑證（推測，但價銀、賣主完全吻合）。這也說明本組文書並非全是林萬開一家的收藏：萬利出典後，典契和契尾應歸承典人官家保存，後來為何與林萬開文書同存，原件沒有說明（可能是日後林萬開或其家人回贖/承買了這塊田，推測，無證據）。編號首字讀『玖』不確定，需原圖核對。
C_minhou_lin_wankai,C_minhou_lin_wankai.json,pitt:31735064607876,83840,1,契尾,光緒拾叁年拾壹月　日（日空白）,約1887-12-15至1888-01-12（農曆年末跨年；1888-01-01約當十一月十八日；日未填，無法確定是1887還是1888）,部分一致：館方1888；原件是光緒十三年十一月（不是十二月），公曆約1887年12月中至1888年1月中，約六成可能日期在1887年內，館方逕標1888不妥,田,,坐落三十八都,,納稅銀壹兩叁錢弍分,契尾編號：侯□第壹萬叁千[?]□拾陸號（上方騎縫『侯…壹萬叁千拾陸』，中部『壹萬叁□□拾陸』）,買（撥典）自林秋溥,44,兩,銀,用價銀肆拾肆兩；納稅銀壹兩叁錢弍分,契尾（稅契憑證）; 稅率：44兩×3%＝1.32兩，與『壹兩叁錢弍分』相符,medium,0.85,館方『Seller: 林萬開 → Buyer: 林秋溥』方向弄反了：契尾明寫『業戶林萬開　買林秋溥田』，納稅、領尾的是林萬開。價銀44兩與1884年林秋溥撥典契（pitt:31735064607751）的『鏡銀肆拾肆兩』完全相同，地點同為三十八都，所以這不是『反向交易』或回贖，而是林萬開在承典三年多後為那張典契投稅領尾（推測：也可能是把典轉為賣而沿用原價，但沒有找價、絕賣契證據）。館方年份1888：原件是十一月，按上面的換算更可能落在1887年12月。
C_minhou_lin_wankai,C_minhou_lin_wankai.json,pitt:31735064607645,83816,10,鬮書/分關,光緒拾柒年八月吉日,約1891-09-03至1891-10-02,一致（1891）,田、屋、草倉、糞池、園、山、地基、田面租（全部家產清單）,井嘴、馬路下、坑裡、白龍（壇路、圓坵、長坵、磨盤、燈籠坵）、湖尾（長坵、水流路、流道、猪蹄坵、長坵頭、洋中）、后圳（四角橫坵、五二坵、橄欖坵）、北馬鞍、臺前、蛇山等,草市都五甲；三十八都（二圖二甲、三甲、四甲、六甲、七甲、十甲）；祖厝多進並祠堂（村名未寫）,長子長孫份田3號共3.5畝；福房田（有畝數者）約9.4畝，另北馬鞍田、田面租378斤；祿房田約10.3畝，另田面租200斤；壽房田約9.3畝，另田面租240斤（按原文相加，『零』未計）,各田粮色分立在林鎮、林溥、林維豪、林昌元、林均、林開、林春、林盛熾、林茂、林潤之、林棟等戶下；多筆另納王處、福城林家、陳家、李家、倪家面租或楊家地租,,『承父遺物業及手置田園屋宇山場樹木等項』，即父遺產業加上兄弟（尤其林萬開）手置的產業,,,,分家無價；清單附註『北馬鞍用價陸拾兩』『猪蹄坵典契價壹百兩又借弍拾兩』『湖尾水流路又納倪家禾租肆拾斤折錢肆百文』,除撥長子長孫份外; 高低相搭、肥瘦相兼; 在祖宗堂前按照福祿壽三房勻作三股均分，拈鬮為定; 各掌各業，向後不得爭長競短; 大廳喜喪事通用、門路互通; 祖墓風水松柏不得砍伐; 柴草三房照輪週而復始; 新埋造墳以及補塋年礼花紅一切均照三股勻分; 坑裡田貼與福房充祭祀用耗；北馬鞍田貼作玉梅出閣費用,high,0.85,這是林萬開三兄弟的分家鬮書（不是產業簿，也不是契據匯抄）。林萬開領銜，與弟萬拱、萬欽把『承父遺物業及手置』的田、屋、山、園，先撥出『長子長孫份』，其餘按福、祿、壽三房拈鬮均分，另留三房公衆份（祠堂邊厝地、各園、坑裡山場）。鬮書沒有寫明福、祿、壽各房分別歸誰；按慣例福房是長房，推測福房即林萬開，祿、壽為萬拱、萬欽（推測，原文沒有寫）。『長子長孫份』按福建慣例歸長子（萬開）及其長孫，是長房的額外份額（推測）。與本組其他契約對照：1875年從林應香買的井嘴、馬路下田歸入長子長孫份；1882年從林春發買的白龍壇路田根歸入福房。可見林萬開名下買進的產業不是他的個人私產，1891年和祖遺產業一起由三兄弟均分，萬開只多得長子長孫份。各田的粮色仍留在原業戶名下（林鎮、林溥、林均、林春等），符合清末『糧不過戶』的常見做法；『林開』戶推測就是林萬開本人的戶名，『林溥』戶推測是林秋溥的戶名（推測）。讀不準的字：序文『摒擋』、第3頁『典久涫[?]』、第4頁『年儀[?]』、第10頁『可烺』。
C_minhou_lin_wankai,C_minhou_lin_wankai.json,pitt:31735064607744,83826,1,驗契憑證,中華民國貳年拾壹月　日給（原契日期：清光緒貳拾年拾貳月　日）,契單：1913年11月；原契：約1894-12-27至1895-01-25（農曆年末跨年，大部分日期在1895年1月）,契單日期與館方1913一致；但館方把它當成1913年的買賣，實際買賣發生在光緒二十年十二月（約1894/95），1913年只是呈驗舊契,田,白龍坑[?]（或讀『白龍坊』）,閩侯縣三十八都白龍坑[?]地方,田貳畝零（坐向、橫直丈尺均空白）,,驗字第三萬七千□百四[?]十九號,買受（光緒二十年十二月買自王兆熙[?]）,138,元,銀元（申銀）,原價銀　兩（空）申銀壹百叁拾捌元；應納紙價壹元肆角；右緣存根『產價銀壹百叁拾捌元』,舊契限期呈驗; 原契未稅，每產價百元收紙價壹元（138元→1.4元）; 契單粘連原契，印給收執管業,medium,0.75,館方標題『Seller: 王聯鄧』有誤：王聯登（不是『鄧』）在契單上是『中證』，賣主是王兆熙[?]（第三字讀『熙』沒有把握，需原圖核對）。這不是1913年的新買賣，而是民國二年福建推行舊契限期呈驗時，林萬開把光緒二十年十二月向王兆熙買田的舊白契拿去呈驗、補繳紙價，換得這張契單；原契本身不在本組。此田在三十八都白龍一帶，買入時間在1891年分家之後，所以不在鬮書清單內；1913年仍以『業戶林萬開』名義呈驗，說明到民國初年萬開仍是此田的登記業主（是否在世無法確定）。中證王聯登與1891年鬮書中的佃戶王聯環、王聯豪同為『聯』字輩，推測是當地王姓（即收面租的『王處／王家』）同族。
C_minhou_lin_wankai,C_minhou_lin_wankai.json,pitt:31735064607694,83821,1,驗契憑證,中華民國貳年拾貳月　日給（原契日期：清光緒元年拾貳月　日）,契單：1913年12月；原契：約1875-12-28至1876-01-25,契單日期與館方1913一致；但這不是1913年林應香再賣給林萬開，而是1913年把1875年的舊契拿去呈驗,田,（契單未寫土名；據原契為馬路下、井嘴）,閩侯縣草市都馬坑地方,田地貳畝叁分零（坐向、橫直丈尺空白）,,驗字第三萬七千七百六十九號,買受（光緒元年十二月買自林應香）,128,元,銀元（申銀）,原價銀　兩（空）申銀壹百零捌元增加貳拾元；應納紙價壹元叁角；右緣存根『產價金壹□貳拾捌[?]元』,舊契限期呈驗; 原契未稅，每產價百元收紙價壹元（128元→1.3元）; 契單粘連原契，印給收執管業,medium,0.8,這不是『1913年林應香再賣給林萬開』，也不是找貼、加找或絕賣，而是民國二年（1913）福建國稅廳籌備處推行舊契限期呈驗時，林萬開持1875年原契（pitt:31735064607785）呈驗換得的契單：業戶、賣主、中證（陳春雷）、年月（光緒元年十二月）、坐落（草市都馬坑）、面積（2.3畝零）全部與原契相符。原契價『錢壹百零捌千文』在契單上折作『申銀壹百零捌元』，又『增加貳拾元』，按128元計紙價1.3元（每百元1元，四捨五入）；『增加』的依據原文沒有說，推測是驗契時按時價或錢銀比價調整。契單寫『原契未稅』，說明1875年這張賣斷契當年沒有投稅領契尾，是白契。紙張破損嚴重，中部有缺損，右緣存根數字殘缺。
F_jianyang_liu,F_jianyang_liu.json,pitt:31735064607678,83819,1,找貼契,乾隆肆拾柒年玖月　日,1782年（農曆九月，約公曆1782年10月至11月初，換算為近似值）,一致（館方1782／清乾隆47年）,田（田皮、田骨一併）,黄厝墘（全句『坐落蹉[?]上横窠游嶺黄厝墘』）,建陽縣（據館方）；原文只寫『坐落蹉[?]上横窠游嶺黄厝墘』，未寫都、圖、里,田皮骨米柒籮□[済?]肆[?]伍管（以租米籮、管計，量詞讀法不確定）,,,『本年賣斷有田皮骨』——應梓龍本年已把此田賣斷給劉繼伍，前契未見；應氏取得此田的來源原文沒有寫,17,兩,紋銀,增找得杜斷價紋銀壹拾柒兩正……本日實收得增找杜斷契内價紋銀壹拾柒兩正再照；外用中見礼銀伍錢壹分正,增找杜斷; 成契之日一併交足不欠分厘; 永遠管業; 交租收割; 過户當差完粮; 斷根物業; 永無言增言找; 兩下甘允再無反悔,high,0.8,1) 館方標題作 Seller 應梓龍 → Buyer 劉繼伍，人名不錯，但這件是增找（找價）杜斷契，不是原始賣契；劉繼伍是『原買主』。2) 館方 doc_kind 標為 Government，其實是民間契約，蓋了縣印成了紅契，不是官府文書。3) 中人劉禮雲、勸諭人劉兆華姓劉，可能是買方族人，原文沒寫關係。4) 『米柒籮…伍管』一句有一兩個字讀不準；『籮』這個租米單位又見於1935年契（pitt:31735066266762），可見是建陽本地慣用的量法。5) 裁切圖：data/households/_crops/pitt_31735064607678/；標 □/[?] 的字需原圖核對。
F_jianyang_liu,F_jianyang_liu.json,pitt:31735064607652,83817,1,找貼契,嘉慶叁年貳月　日,1798年（農曆二月，約公曆1798年3月中至4月中）；原賣斷在『旧年冬』，即嘉慶二年冬（1797年底至1798年初）,一致（館方1798／清嘉慶3年）,屋（杇〔朽〕房屋及地基）,水北永興社，賣主房屋后,建陽縣（據館方）；『坐落水北永興社賣主房屋后』，未寫都圖,共計叁櫚[?]（疑即三間）,,,原文只寫『旧年冬賣斷有杇房屋地基』，盛章取得此產的來源沒寫,8,兩,紋銀,增找得杜斷杇房屋基價白[?]系紋銀捌兩正……本日實收得增找杜斷契價紋銀捌兩正足訖再照；外用中銀貳錢肆[?]分正,增找離業杜斷; 壹併交足不少分厘; 永遠管業; 修整架造開門出入賣者不敢阻佔; 再不得另生枝節言增言找; 各無反悔,high,0.85,1) 原文明寫咸安、道建是賣主盛章的『本族』，所以這是宗族內部的房產轉移，但兩邊的輩分和房支沒寫。2) 館方把它當作 Seller/Buyer 買賣契；其實是增找契，原賣契（嘉慶二年冬）未見。3) 『律』形草字在本組多次出現，按1805年契尾的稅額推算應讀『肆』。4) 與1805年契尾（pitt:31735064607660）人名對得上，見綜合分析。裁切圖：data/households/_crops/pitt_31735064607652/；標 □/[?] 的字需原圖核對。
F_jianyang_liu,F_jianyang_liu.json,pitt:31735064607660,83818,1,契尾,嘉慶十年五月　日,1805年（農曆五月，約公曆1805年5月底至6月下旬）,一致（館方1805／清嘉慶10年）,屋（墨填只寫一『房』字）,,建陽縣（『右給建陽縣業戶』）；版刻『坐落』欄未填,,,,買受劉盛章（契尾所載）,24,兩,銀（契尾只寫『價銀』）,（版刻：用價銀）貳拾肆[律]兩正　（版刻：納稅銀）□[柒?]錢弍分,投稅; 契尾黏連（按乾隆十五年契尾新例）,medium,0.75,1) 館方只寫 Owner 劉咸安，漏了賣主劉盛章。2) 這張契尾和1798年增找契（pitt:31735064607652）的賣主、買主一樣，推測是同一筆房產買賣（1797年冬賣斷，1798年增找8兩），1805年才投稅領契尾。24兩可能是原價加找價的總數，前契已失，無法核實（推測）。3) 1798年買主是咸安、道建兩人，契尾只寫咸安一人。4) 中縫有蟲洞。裁切圖：data/households/_crops/pitt_31735064607660/；標 □/[?] 的字需原圖核對。
F_jianyang_liu,F_jianyang_liu.json,pitt:31735066267471,83964,1,契尾,嘉慶十八年八月　日,1813年（農曆八月；嘉慶十八年有閏八月，契尾沒注明正月或閏月，大約在公曆1813年7月底至9月下旬之間，近似值）,一致（館方1813／清嘉慶18年）,田,,建陽縣；版刻『坐落』欄未填,,,,買受劉欽達（契尾所載）,36,兩,銀（契尾只寫『價銀』）,（版刻：用價銀）叁拾陸兩　（版刻：納稅銀）壹兩〇捌分,投稅; 契尾黏連,medium,0.8,1) 這是契尾，不是賣契；館方用 Seller/Buyer 著錄，但原賣契不在。2) 館方標題『劉欽達(違)』：原件賣主名末字是草寫的『辶』加內部構件，上部是『土』形，下部是『丰』形豎畫（即『幸』），中間有一個圈形連筆，像『口』，所以館方拿不準是『達』還是『違』，在括號裡另注『違』。按字形和人名用字習慣，應讀『達』（中等把握）；『違』極少用作人名。『違』不是違約、違例之意，契尾版刻條例裡也沒有與賣主名相連的『違』字。3) 業戶名『王建』的末字和1798年的『道建』同為『建』，推測可能同輩，但沒有任何原文依據。裁切圖：data/households/_crops/pitt_31735066267471/；標 □/[?] 的字需原圖核對。
F_jianyang_liu,F_jianyang_liu.json,pitt:31735066237565,83867,1,契尾,同治陸年六月　日,1867年（農曆六月，約公曆1867年7月）,一致（館方1867／清同治6年）,田,,建陽縣；版刻『坐落』欄未填,,,,買受饒應壽（外姓）,11,兩,銀（契尾只寫『價銀』）,（版刻：用價銀）壹[?]拾壹[?]兩　（納稅銀一欄下部殘缺）,投稅; 契尾黏連,medium,0.7,1) 館方只寫 Owner 劉景茂，漏了賣主饒應壽；這是從外姓買田，產業流入劉家。2) 價銀『壹拾壹兩』的第一、第三字都是草寫，像『壹』，把握不大。3) 景茂的『景』和1935年劉景星的『景』相同，但相隔68年，1935年的景星又與德桂、德輝、如慶同一曾祖同輩，所以不能憑一個『景』字把二人排成同輩或直系。裁切圖：data/households/_crops/pitt_31735066237565/；標 □/[?] 的字需原圖核對。
F_jianyang_liu,F_jianyang_liu.json,pitt:31735066237730,83885,1,賣斷契,宣統弍年十二月　日,宣統二年十二月約為公曆1910年12月31日至1911年1月28日（農曆年末跨年，大部分落在1911年1月）,基本一致；館方作1910，按公曆多半已是1911年1月,地基（坪基）及園（菜園），皮骨一併,,建陽縣（據館方）；原文只寫『本村』，四至以劉宅、菜園大路、山邊路為界,坪基壹坵[?]及菜園（無面積）,,,『承祖遺下置有』；『的係自己分定物業』（祖遺，分家時分到的份）；菜園另有『上手老契』，一時找不出來,8.25,兩,洋銀（按兩、錢、分計重）,時值土風斷契價洋銀捌兩弍錢伍分正……當日實交得時值斷契價洋銀捌兩弍錢伍分足訖,三面言議時值土風斷契價; 一頓交足未欠分厘; 並非準折債貨; 無重復典賣; 與親房人等各無干涉; 永遠管業收租; 賣者不敢阻挽; 各無反悔; 上手老契日後尋出不堪行用（批）,high,0.8,1) 買主劉源森是賣主嘉命的『堂孫』，原文寫明，所以是宗族內部（隔兩代、不同房）的轉移。館方標題把二人並列，沒提輩分；任務提示裡把『嘉命/源森』排成同一代，與原文不合。2) 中人劉孝啟、代筆人劉孝鎧都用『孝』字，推測同輩，但和嘉命、源森的關係沒寫。3) 原文沒有寫鄉村名，只寫『本村』。4) 契價用洋銀，按兩、錢、分計重。裁切圖：data/households/_crops/pitt_31735066237730/；標 □/[?] 的字需原圖核對。
F_jianyang_liu,F_jianyang_liu.json,pitt:31735066266762,83957,1,官契紙,中華民國二十四年七月　日立,1935年7月,一致（館方1935／民國24年）,田（祀田，共五塅）,水南文廟□房門前；新溪官壢□上下二塅；新溪岩下石埂大路走塅，土名狗腸；新溪下圩[?]大路邊溪埂邊；新溪大坪山鼻下,建陽縣（水南、新溪），未寫區鄉保,①田皮骨米壹籮五斗[㪷]；②田皮骨米四籮五斗；③田皮骨米四籮；④田骨米陸籮（皮佃游姓）；⑤田皮骨米壹籮。合計租米約十七籮,第④塅只有田骨，田皮在佃戶『游姓』手上,版刻『字第　號』空白，未填,『承曾祖廷極公遺下，係置前清道光年間』（曾祖自置，子孫共承的祀田）；『其田原有契据於咸豐年間因洪楊事變致失』,,,,（補契，無價銀；業戶須知：官契紙每張料價貳角）,補立新契; 遵照建陽縣驗契辦法第二條; 祀田; 皮佃游姓,high,0.85,1) 這不是買賣，是四位曾孫替曾祖劉廷極道光年間置下的祀田補立新契、辦驗契登記；舊契在咸豐年間『洪楊事變』（太平軍）中遺失。2) 四人同一曾祖，所以是堂兄弟，但名字的中間字有『德』『如』『景』三種，可見這一支沒有統一的字輩，用字輩推輩分在這組文書裡靠不住。3) 劉如慶既是業主之一，又以保長身份簽押。4) 館方只寫四位 Owner，漏了曾祖廷極、保長、區長，也沒說明是祀田和補契。5) 『籮』『斗』租米量法與1782年契『米柒籮』一致。6) 『契稅程』疑脫『章』字。裁切圖：data/households/_crops/pitt_31735066266762/；標 □/[?] 的字需原圖核對。
