nid,pid,year,doc_type,holder,agent,township,village_bao,licence_no,section_lot,land_class,area_mu,tax_yuan,notes
83927,pitt:31735066266481,1945,田賦征實征借收據＋抵納田賦憑證,黃生官,,,,騰字041404,,田,5.2,,征借糧食約定民國39-43年抵賦[?]
83921,pitt:31735066266432,1946,田賦征收收據＋抵納田賦憑證,黃克動,黃生官,,村下保,1239,,田,1.9[?],1.2x原額；豁免半數後0.6x[?],本年度豁免半數
83928,pitt:31735066266499,1946,田賦通知單,黃克動,黃生官,,村下保,1239,,田,1.9[?],,與83921同號
83929,pitt:31735066266507,1946,田賦通知單,黃森官等,,,村下保,8?4[?],,,0,0,畝分賦額欄填〇
83890,pitt:31735066266143,1947,土地管業執照,王鐘鈞,,劉[?]厝鄉,馬井村,西字005598,5-20,田・貳等上則,0.89,0.45,土名馬路下；與林修枝5-19相鄰
83891,pitt:31735066266150,1947,土地管業執照,王鐘鈞,,劉[?]厝鄉,馬井村,西字005599,5-32[?],基地・壹等下則,0.07,0.04,土名馬坑
83889,pitt:31735066237771,1947,土地管業執照,黃克動,黃生官,扈[?]嶼鄉,村下,扈[?]字000500,?-3?8[?],田・?等中則,,,土名王[?]橋；面積賦額暈開
83911,pitt:31735066266333,1947,土地管業執照,黃生官,,扈[?]嶼鄉,,扈[?]字000501,3[?]-36[?],田・壹等中則,5.20,3.38,與1945收據5畝2分一致
84013,pitt:31735066267935,1947,賣契本契（官印）,陳敦流[?]（買）／陳朝寳（賣）,,蓮峯[?]鄉,風[?]埔保浮[?]村,,,田,1,契稅15000（6%）,賣價250000元（法幣）；1947年12月
