licence_no,nid,pid,toponym,section,lot_no,land_class,area_text,area_mu,tax_text,tax_yuan,confidence
5584,83901,pitt:31735066266242,白龍坪上,4,222,田,零畝玖分零厘,0.9,賦額零元伍角肆分,0.54,0.9
5585,83899,pitt:31735066266226,白龍厝前,4,239[?],田,壹畝玖分伍厘,1.95,賦額壹元貳角柒分,1.27,0.85
5586,83898,pitt:31735066266218,坑裡,5,269[?],農地,壹畝壹分零厘,1.1,賦額零元伍角伍分,0.55,0.8
5587,83897,pitt:31735066266200,馬坑,5,111,基地,零畝零分貳厘,0.02,賦額零元零角壹分,0.01,0.9
5588,83896,pitt:31735066266192,馬坑,5,110,基地,零畝貳分捌厘,0.28,賦額零元零角壹分,0.01,0.9
5589,83900,pitt:31735066266234,馬坑,5,118,基地,零畝零分捌厘,0.08,賦額零元零角叁分,0.03,0.9
5590,83893,pitt:31735066266168,馬坑,5,48,蕩地,零畝壹分伍厘,0.15,賦額零元零角貳分,0.02,0.9
5591,83894,pitt:31735066266176,馬路下,5,19,田,壹畝貳分零厘,1.2,賦額零元柒角貳分,0.72,0.9
5593,83895,pitt:31735066266184,門前,5,38,田,壹畝壹分伍厘,1.15,賦額零元陸角玖分,0.69,0.9
